DATE,USD,JPY,CNY,SGD,MYR,HKD,PHP,IDR,AUD,VND
4/1/1960,35.8873,30.4497,5.1644,24.7855,7.9888,4.631,0.7224,2.6736,25.9644,0.5889
5/1/1960,35.7649,30.7317,5.1879,24.9003,7.9809,4.6129,0.7225,2.6842,26.0958,0.5926
6/1/1960,35.7053,30.8153,5.2077,24.9524,7.9774,4.606,0.7227,2.6879,26.1696,0.6017
9/1/1960,35.7545,30.5276,5.1935,24.8465,7.9919,4.6157,0.7223,2.689,26.1877,0.5994
10/1/1960,35.61,30.7702,5.169,24.8171,7.9639,4.5962,0.7207,2.681,26.2185,0.5922
11/1/1960,35.5731,30.6912,5.1557,24.7773,7.9561,4.59,0.7192,2.6911,26.2275,0.5914
12/1/1960,35.3615,30.7857,5.1292,24.7678,7.9356,4.5613,0.7148,2.665,26.3515,0.5919
13/1/1960,35.3984,30.7992,5.152,24.8069,7.9393,4.5708,0.7147,2.67,26.5074,0.5962
16/1/1960,35.4375,31.0258,5.1623,24.7958,7.9452,4.5687,0.7127,2.6756,26.5263,0.5945
17/1/1960,35.3954,31.0909,5.1571,24.7982,7.9282,4.5646,0.7106,2.6627,26.4984,0.5912
18/1/1960,35.2748,31.24,5.168,24.8623,7.9403,4.5494,0.7099,2.6527,26.6098,0.5938
19/1/1960,35.4016,30.8925,5.1789,24.7873,7.9615,4.5635,0.7113,2.6559,26.5896,0.5949
20/1/1960,35.3461,30.8263,5.1607,24.8094,7.952,4.5558,0.7085,2.6477,26.767,0.5905
23/1/1960,35.2881,31.0452,5.1677,24.8695,7.9461,4.5496,0.709,2.6492,26.7008,0.5915
24/1/1960,35.2216,31.1863,5.1607,24.8574,7.9481,4.5417,0.7072,2.6523,26.7152,0.5916
25/1/1960,35.2441,31.0248,5.156,24.8242,7.9482,4.5448,0.7083,2.6499,26.5847,0.595
26/1/1960,35.2016,31.0599,5.1456,24.9003,7.9502,4.5374,0.7084,2.6553,26.6393,0.5911
27/1/1960,35.3103,30.7429,5.1472,24.7685,7.9731,4.5507,0.7091,2.6538,26.5861,0.5848
30/1/1960,35.2653,30.8041,5.1404,24.7415,7.9604,4.5451,0.7083,2.6622,26.6432,0.5893
31/1/1960,35.1908,30.9773,5.1335,24.7806,7.9534,4.5378,0.7079,2.6479,26.6104,0.5872
1/2/1960,35.1484,31.0799,5.1324,24.8643,7.9356,4.5302,0.7067,2.6485,26.585,0.5842
2/2/1960,35.0962,31.0349,5.1284,24.8592,7.9201,4.5242,0.7053,2.6487,26.7761,0.5838
3/2/1960,35.0895,31.1094,5.1289,24.8459,7.9288,4.5236,0.7053,2.6456,26.8583,0.5908
6/2/1960,35.0203,31.151,5.1301,24.8791,7.9213,4.515,0.7056,2.6439,26.857,0.5934
7/2/1960,35.0288,31.3093,5.1282,24.7812,7.9032,4.5164,0.7068,2.6467,26.789,0.5945
8/2/1960,35.0379,31.2156,5.1152,24.7046,7.896,4.5167,0.7052,2.6491,26.7338,0.5893
9/2/1960,35.015,31.2057,5.1134,24.705,7.8913,4.5127,0.7036,2.6528,26.6995,0.5911
10/2/1960,35.0684,30.8413,5.114,24.6762,7.8931,4.5215,0.7031,2.6509,26.7817,0.5948
14/2/1960,35.0349,30.8587,5.1047,24.6629,7.8795,4.5155,0.7028,2.6448,26.8735,0.6043
15/2/1960,35.0291,30.6454,5.1099,24.6426,7.8755,4.5148,0.7026,2.6368,26.8602,0.6138
16/2/1960,35.0009,30.705,5.1118,24.6648,7.8744,4.5112,0.7021,2.6445,26.997,0.6122
17/2/1960,34.9957,30.8471,5.1118,24.6926,7.8556,4.5105,0.7018,2.6446,26.9524,0.6074
20/2/1960,34.9987,30.9819,5.108,24.6895,7.8546,4.5102,0.6983,2.6315,26.8355,0.5988
21/2/1960,35.0457,30.8827,5.1049,24.6645,7.8627,4.5167,0.6964,2.6398,26.8845,0.6045
22/2/1960,35.0085,30.8503,5.0989,24.6697,7.8562,4.5116,0.6972,2.639,26.904,0.6096
23/2/1960,34.9963,30.9075,5.1013,24.7248,7.8686,4.5106,0.6985,2.6381,26.8775,0.6032
24/2/1960,34.9727,30.9839,5.1019,24.8361,7.8634,4.5083,0.698,2.6354,26.947,0.6054
27/2/1960,34.8775,31.098,5.0863,24.8258,7.8478,4.4967,0.6949,2.647,26.7999,0.5963
28/2/1960,34.8819,30.9734,5.0887,24.8267,7.8521,4.4949,0.6957,2.6347,26.7865,0.6001
1/3/1960,34.9763,30.9061,5.1019,24.8753,7.869,4.5063,0.6964,2.6282,26.7986,0.599
2/3/1960,34.9902,30.7356,5.0981,24.8165,7.8773,4.5083,0.6966,2.6338,26.7892,0.6003
3/3/1960,35.0351,30.6985,5.0905,24.7973,7.8753,4.5169,0.6965,2.6284,26.4833,0.5959
6/3/1960,35.0251,30.7922,5.0875,24.8448,7.8653,4.5121,0.6969,2.6399,26.5401,0.6013
7/3/1960,35.0654,30.7762,5.0898,24.8491,7.8832,4.5173,0.6975,2.6455,26.629,0.6021
8/3/1960,35.1478,30.9146,5.0986,24.9328,7.9062,4.5269,0.6992,2.6423,26.6921,0.6042
9/3/1960,35.3151,30.8659,5.1107,24.9035,7.9282,4.5465,0.7021,2.6558,26.5726,0.5995
10/3/1960,35.3747,30.7125,5.1248,24.9183,7.9389,4.5555,0.7045,2.6527,26.5965,0.597
13/3/1960,35.2984,30.7631,5.1217,25.0097,7.9345,4.5465,0.7035,2.6549,26.6715,0.599
14/3/1960,35.3039,30.7367,5.1167,24.968,7.9419,4.547,0.7025,2.6585,26.6734,0.6002
15/3/1960,35.2735,30.7462,5.1123,24.9484,7.9298,4.5413,0.7022,2.6537,26.6799,0.5956
16/3/1960,35.0598,30.9605,5.096,24.9838,7.9042,4.5147,0.699,2.6398,26.9484,0.6001
17/3/1960,34.9573,30.8163,5.087,24.9246,7.8762,4.5035,0.6989,2.6434,26.8352,0.6046
20/3/1960,34.7117,30.8505,5.0378,24.8111,7.829,4.4698,0.693,2.6055,26.7759,0.607
21/3/1960,34.7161,30.853,5.0372,24.8384,7.8458,4.4707,0.6933,2.6149,26.787,0.6051
22/3/1960,34.7284,31.1089,5.0501,24.7829,7.8371,4.4714,0.6923,2.6187,26.616,0.6016
23/3/1960,34.6273,31.0683,5.0378,24.7364,7.8176,4.4581,0.6891,2.6128,26.5278,0.5993
24/3/1960,34.6666,31.1439,5.0414,24.7446,7.8279,4.4626,0.6889,2.6142,26.4358,0.6036
27/3/1960,34.4738,31.2516,5.0247,24.7135,7.8132,4.4401,0.6886,2.5994,26.2953,0.6054
28/3/1960,34.4107,31.1135,5.015,24.6943,7.8001,4.4323,0.6888,2.5972,26.2284,0.605
29/3/1960,34.5012,31.0456,5.0208,24.6961,7.8093,4.4424,0.6878,2.595,26.3815,0.6049
30/3/1960,34.4878,30.999,5.0159,24.716,7.8065,4.439,0.6877,2.5978,26.4401,0.6093
31/3/1960,34.4501,30.772,5.0069,24.654,7.792,4.4337,0.687,2.5985,26.3511,0.6141
3/4/1960,34.3069,30.8106,4.9936,24.575,7.7555,4.4156,0.6848,2.5834,26.1396,0.6098
4/4/1960,34.3894,31.1004,5.0051,24.6218,7.7685,4.4257,0.6859,2.5886,26.1196,0.6133
5/4/1960,34.5009,31.1601,5.0159,24.6755,7.8035,4.4403,0.688,2.5985,26.1184,0.6152
7/4/1960,34.6138,31.3276,5.0224,24.6839,7.8045,4.4545,0.6905,2.5993,26.062,0.6139
10/4/1960,34.6423,31.0829,5.0233,24.6215,7.8277,4.459,0.6949,2.6165,25.9738,0.6051
11/4/1960,34.6024,31.2635,5.0151,24.6198,7.8052,4.4531,0.6968,2.6189,25.9741,0.6044
12/4/1960,34.5301,31.5352,5.012,24.6289,7.8182,4.4445,0.6972,2.6095,25.8904,0.6068
17/4/1960,34.2862,31.66,4.988,24.5884,7.7886,4.4125,0.6944,2.5993,26.0036,0.6086
18/4/1960,34.3858,31.5428,5.002,24.6014,7.8183,4.4248,0.6947,2.5956,26.0171,0.6151
19/4/1960,34.3248,31.6207,4.9935,24.5808,7.803,4.4154,0.6928,2.5919,25.8766,0.6102
20/4/1960,34.3812,31.5645,4.9999,24.5981,7.8132,4.422,0.6919,2.5964,25.8141,0.608
21/4/1960,34.415,31.498,5.0078,24.6218,7.8338,4.4263,0.6919,2.6011,25.9032,0.6125
24/4/1960,34.3603,31.2354,4.9973,24.6456,7.8127,4.4192,0.6905,2.5891,25.966,0.6086
25/4/1960,34.3741,31.2574,4.9968,24.6733,7.8344,4.4185,0.6914,2.6024,25.9848,0.6165
26/4/1960,34.4271,30.9513,5.0015,24.716,7.8889,4.425,0.6941,2.6054,25.9019,0.6133
27/4/1960,34.5057,31.0196,5.0062,24.7316,7.9338,4.4346,0.6933,2.5978,25.8153,0.6041
28/4/1960,34.6251,31.1504,5.0224,24.799,7.9586,4.4501,0.6936,2.6102,25.8722,0.6073
2/5/1960,34.5485,30.8676,5.015,24.7741,7.9807,4.4415,0.6909,2.6056,26.0434,0.6063
3/5/1960,34.4461,30.744,5.0041,24.7283,7.9828,4.4278,0.6902,2.6061,25.9092,0.604
4/5/1960,34.5892,30.6651,5.0224,24.7487,7.9977,4.4458,0.6932,2.6101,25.6512,0.6029
5/5/1960,34.6141,30.7799,5.0243,24.7065,7.9868,4.4489,0.6946,2.6024,25.5886,0.5929
8/5/1960,34.6608,30.7449,5.0279,24.6782,8.0004,4.453,0.6955,2.6074,25.6497,0.5983
9/5/1960,34.6843,30.6127,5.0242,24.6602,7.9966,4.4561,0.6955,2.6151,25.5471,0.5948
11/5/1960,34.7812,30.47,5.038,24.6563,8.0034,4.4672,0.6971,2.6193,25.5787,0.6055
12/5/1960,34.7192,30.5107,5.0313,24.6568,7.9953,4.4571,0.6965,2.6268,25.6155,0.6084
15/5/1960,34.6206,30.5275,5.0235,24.6752,7.9862,4.443,0.6968,2.6151,25.6118,0.6069
16/5/1960,34.485,30.3778,5.0078,24.6821,7.9913,4.4298,0.6953,2.5963,25.5925,0.6118
17/5/1960,34.4803,30.6211,5.019,24.7232,7.9871,4.4279,0.6943,2.6025,25.5817,0.6092
18/5/1960,34.4975,31.0613,5.0177,24.7926,7.9738,4.4314,0.6928,2.6104,25.65,0.6041
19/5/1960,34.5269,31.0458,5.0176,24.792,7.9741,4.4367,0.6929,2.5969,25.6179,0.5999
22/5/1960,34.3626,30.8509,4.9968,24.7711,7.9764,4.4148,0.6907,2.5898,25.5756,0.6033
23/5/1960,34.3707,30.9351,4.9979,24.7879,8.0037,4.4146,0.6917,2.5938,25.724,0.6069
24/5/1960,34.465,30.8147,5.0144,24.7876,8.0084,4.4261,0.6908,2.6046,25.7314,0.6116
25/5/1960,34.26,30.696,4.9893,24.7653,8.0105,4.3997,0.6877,2.5778,25.6977,0.6068
26/5/1960,34.0861,30.5267,4.9776,24.6056,7.9689,4.375,0.6841,2.5797,25.3759,0.5989
29/5/1960,34.09,30.6188,4.9902,24.6314,7.9836,4.3746,0.6854,2.5844,25.3627,0.6032
30/5/1960,34.136,30.77,4.9946,24.612,7.976,4.3806,0.6859,2.569,25.3575,0.6043
31/5/1960,34.0987,30.7327,5.0004,24.6208,7.9739,4.3775,0.6855,2.5665,25.4298,0.6027
1/6/1960,34.1015,30.7472,5.0366,24.6326,7.9556,4.3778,0.686,2.5657,25.2956,0.6023
2/6/1960,34.1907,30.6385,5.0363,24.6656,7.9828,4.3882,0.6887,2.5759,25.244,0.606
5/6/1960,34.0449,30.8062,5.0176,24.6487,7.9749,4.3706,0.6902,2.5689,25.3462,0.601
6/6/1960,33.9962,30.9267,5.0132,24.6324,7.9827,4.3627,0.6898,2.5683,25.4097,0.6005
7/6/1960,33.9986,31.0381,5.0176,24.6269,7.9675,4.3623,0.6875,2.5639,25.5718,0.6012
8/6/1960,34.0408,31.0144,5.0242,24.6274,7.9792,4.3674,0.6883,2.5797,25.672,0.5964
9/6/1960,34.055,30.8854,5.0193,24.6285,7.9822,4.368,0.6892,2.5742,25.6706,0.5983
12/6/1960,34.077,30.9158,5.0195,24.6198,7.9915,4.3712,0.6891,2.5784,25.6702,0.5975
13/6/1960,34.0012,30.9053,5.011,24.5808,7.9802,4.3601,0.6875,2.5693,25.6952,0.5958
14/6/1960,33.9074,30.8137,4.9944,24.5468,7.9591,4.348,0.6855,2.5623,25.568,0.5948
15/6/1960,33.883,30.9155,4.996,24.6188,7.966,4.3443,0.6853,2.559,25.7765,0.5905
16/6/1960,33.9676,30.6054,4.9918,24.5574,7.9441,4.3542,0.6828,2.5621,25.7881,0.5872
19/6/1960,33.9387,30.5672,4.9925,24.5518,7.9499,4.3523,0.6818,2.5717,25.8596,0.5875
20/6/1960,33.9745,30.4351,4.9809,24.5014,7.9383,4.3567,0.6799,2.5739,25.8084,0.5811
21/6/1960,34.036,30.5508,4.9926,24.4938,7.9402,4.3641,0.6788,2.5769,25.7772,0.5709
22/6/1960,33.9624,30.5616,4.9772,24.4554,7.9283,4.3549,0.6762,2.5663,25.6482,0.5634
23/6/1960,33.9775,30.5106,4.9729,24.4513,7.9262,4.3572,0.6761,2.5654,25.65,0.5664
26/6/1960,33.9453,30.492,4.9685,24.4744,7.9202,4.3523,0.6778,2.5585,25.7104,0.5711
27/6/1960,33.976,30.38,4.9709,24.4905,7.9259,4.3564,0.6778,2.5634,25.7948,0.5777
28/6/1960,33.9681,30.2903,4.996,24.5115,7.9245,4.3545,0.6749,2.55,25.823,0.5716
29/6/1960,33.9587,30.2489,5.0069,24.5841,7.9134,4.3529,0.6744,2.5573,25.9972,0.5732
30/6/1960,33.9814,30.3661,5.0189,24.6664,7.9183,4.3544,0.6731,2.5662,26.1578,0.5718
3/7/1960,33.9554,30.2216,5.0125,24.6597,7.9109,4.35,0.6739,2.5651,26.0715,0.5763
4/7/1960,34.0044,30.0512,5.0069,24.6071,7.915,4.3538,0.6733,2.5609,26.0336,0.5741
5/7/1960,34.0039,30.0814,5.006,24.6165,7.9175,4.3556,0.6739,2.5576,25.9004,0.5721
6/7/1960,34.0392,30.1087,5.0123,24.6488,7.9269,4.3612,0.6734,2.558,25.8558,0.5675
7/7/1960,34.0896,30.0269,5.0167,24.6545,7.9342,4.3652,0.6737,2.5687,25.849,0.567
11/7/1960,34.1035,29.8649,5.0154,24.6328,7.944,4.366,0.6727,2.5732,25.9504,0.5662
12/7/1960,34.0143,29.942,5.0126,24.6374,7.9243,4.3549,0.6728,2.5599,26.0239,0.5597
13/7/1960,33.9486,29.9976,5.0072,24.647,7.9194,4.3481,0.6724,2.5643,26.0925,0.5662
14/7/1960,33.9195,29.9107,5.0053,24.6626,7.9031,4.3436,0.6718,2.5505,26.2584,0.5675
17/7/1960,33.7278,29.9541,4.9872,24.6214,7.8669,4.3219,0.6676,2.5524,26.3665,0.5713
18/7/1960,33.599,29.9372,4.9773,24.5618,7.8413,4.3055,0.6634,2.5393,26.4148,0.5662
19/7/1960,33.6396,30.0197,4.9896,24.6095,7.8531,4.309,0.6635,2.5347,26.6665,0.5686
20/7/1960,33.6289,30.0227,4.9806,24.5695,7.845,4.308,0.6625,2.5403,26.7221,0.5701
21/7/1960,33.5279,29.9572,4.9657,24.5508,7.8382,4.295,0.6618,2.5329,26.534,0.569
24/7/1960,33.4335,30.121,4.9555,24.5442,7.8068,4.282,0.66,2.5285,26.4746,0.5636
25/7/1960,33.4469,30.0741,4.9609,24.5582,7.8131,4.2843,0.6597,2.5318,26.5021,0.5573
26/7/1960,33.4993,29.9357,4.9649,24.5791,7.8228,4.289,0.6628,2.5209,26.5044,0.5595
27/7/1960,33.3348,30.0183,4.952,24.5782,7.7994,4.2689,0.6598,2.5139,26.7666,0.5611
31/7/1960,33.3273,30.1431,4.9574,24.5556,7.7923,4.2677,0.6604,2.5073,26.5875,0.5597
1/8/1960,33.2686,30.1688,4.9537,24.5471,7.7805,4.2596,0.6605,2.5142,26.6974,0.5566
2/8/1960,33.3071,30.1101,4.9582,24.4952,7.7716,4.2614,0.6613,2.5088,26.4942,0.5518
3/8/1960,33.2961,30.0853,4.953,24.463,7.773,4.2588,0.6614,2.51,26.412,0.5497
4/8/1960,33.2486,30.2025,4.9527,24.4802,7.7741,4.2531,0.6614,2.516,26.4452,0.5509
7/8/1960,33.2697,30.0591,4.9498,24.4678,7.774,4.2546,0.6622,2.5221,26.4306,0.5553
8/8/1960,33.268,30.0612,4.9571,24.4385,7.7715,4.2528,0.6619,2.5193,26.3645,0.5542
9/8/1960,33.2817,30.2647,4.9694,24.4056,7.7679,4.2531,0.6606,2.5172,26.2119,0.5558
10/8/1960,33.2429,30.2092,4.9857,24.3917,7.7545,4.2531,0.6576,2.5086,26.2552,0.5532
11/8/1960,33.254,30.4719,4.9923,24.391,7.7491,4.2543,0.6546,2.5052,26.1285,0.5531
15/8/1960,33.2619,30.1822,4.9834,24.397,7.7503,4.2528,0.6508,2.5157,26.133,0.555
16/8/1960,33.293,30.0718,4.9787,24.3526,7.7578,4.2564,0.6483,2.5086,26.0778,0.5576
17/8/1960,33.2482,30.2863,4.9879,24.3934,7.7513,4.2505,0.6484,2.515,26.3583,0.5598
18/8/1960,33.2469,30.398,4.9856,24.347,7.745,4.2498,0.6475,2.5094,26.2449,0.5614
21/8/1960,33.2247,30.4262,4.9814,24.3778,7.7475,4.2472,0.6476,2.5161,26.3318,0.5638
22/8/1960,33.2528,30.4614,4.9958,24.4331,7.7635,4.2496,0.6474,2.5127,26.4048,0.5622
23/8/1960,33.2717,30.3878,4.9964,24.4213,7.7744,4.2517,0.6499,2.5166,26.2485,0.5632
24/8/1960,33.3462,30.5565,5.0109,24.5045,7.7953,4.2613,0.6534,2.5214,26.3371,0.5647
25/8/1960,33.3514,30.4357,5.009,24.5004,7.8019,4.264,0.6538,2.5148,26.3301,0.5639
28/8/1960,33.2312,30.4578,5.0076,24.5131,7.7925,4.2483,0.6522,2.515,26.3905,0.5673
29/8/1960,33.1967,30.5323,5.0243,24.5133,7.7798,4.2428,0.6507,2.5008,26.3307,0.568
30/8/1960,33.2005,30.2598,5.0386,24.5089,7.7798,4.2424,0.6494,2.4873,26.4687,0.5645
31/8/1960,33.2119,30.0881,5.0375,24.4534,7.7801,4.2434,0.6494,2.5025,26.2589,0.5675
1/9/1960,33.1839,30.1519,5.0425,24.4663,7.7728,4.24,0.6493,2.5094,26.3473,0.5718
4/9/1960,33.1907,30.2557,5.0669,24.4447,7.776,4.2407,0.6487,2.5093,26.4076,0.5776
5/9/1960,33.1648,30.3077,5.0771,24.4613,7.7733,4.2377,0.6487,2.5013,26.3982,0.5736
6/9/1960,33.1609,30.4866,5.0652,24.5135,7.8053,4.2367,0.6496,2.5138,26.5159,0.5765
7/9/1960,33.1298,30.3726,5.0768,24.5748,7.8545,4.2343,0.6499,2.5091,26.4861,0.5774
8/9/1960,33.0699,30.5798,5.1111,24.7002,7.897,4.2373,0.6521,2.499,26.7034,0.5813
11/9/1960,33.1343,30.56,5.0987,24.6685,7.8881,4.2402,0.6522,2.5222,26.6546,0.5776
12/9/1960,33.1284,30.2997,5.0692,24.6066,7.8762,4.2395,0.6517,2.5131,26.5512,0.579
13/9/1960,33.093,30.0696,5.0688,24.5927,7.8701,4.2362,0.6503,2.5284,26.5604,0.5739
14/9/1960,33.1267,29.9709,5.0609,24.5206,7.8914,4.2397,0.6498,2.5274,26.4845,0.5716
15/9/1960,33.0704,29.9819,5.0503,24.5481,7.8848,4.2328,0.6463,2.522,26.4355,0.5751
18/9/1960,33.0853,29.7562,5.0518,24.6043,7.9047,4.2322,0.6463,2.5266,26.5182,0.5742
19/9/1960,33.075,29.6669,5.0269,24.5569,7.8991,4.2384,0.648,2.5193,26.3688,0.5693
20/9/1960,33.0776,29.6713,5.0299,24.5659,7.8948,4.2376,0.6499,2.5263,26.5042,0.5693
21/9/1960,33.1232,29.4609,5.031,24.5136,7.8896,4.2439,0.6508,2.5206,26.4973,0.5685
22/9/1960,33.1119,29.545,5.0312,24.536,7.8912,4.2413,0.6498,2.513,26.2373,0.5714
25/9/1960,33.0871,29.47,5.0168,24.5682,7.8973,4.2357,0.6529,2.5104,26.34,0.5756
26/9/1960,33.1409,29.6947,5.0097,24.5313,7.883,4.2414,0.6539,2.5019,26.2927,0.5761
27/9/1960,33.2536,29.5903,5.0124,24.5327,7.8912,4.2568,0.654,2.4951,26.187,0.5748
28/9/1960,33.3809,29.5741,5.0189,24.528,7.9032,4.2749,0.6537,2.4866,26.1293,0.5736
29/9/1960,33.3684,29.6429,5.0078,24.5629,7.9024,4.2713,0.6568,2.4942,26.178,0.5762
2/10/1960,33.3767,29.5883,5.0139,24.5328,7.8968,4.2724,0.656,2.4812,26.1133,0.5799
3/10/1960,33.4918,29.645,5.0242,24.5415,7.9017,4.2875,0.6547,2.4768,26.1544,0.5787
4/10/1960,33.3485,29.6372,5.0146,24.5294,7.891,4.2703,0.6536,2.486,26.2145,0.5757
5/10/1960,33.3736,29.6052,5.0185,24.4858,7.8935,4.2743,0.6549,2.4908,26.1353,0.5785
6/10/1960,33.4183,29.6107,5.0243,24.4774,7.8961,4.2803,0.655,2.4927,25.9979,0.5789
9/10/1960,33.4009,29.6599,5.0294,24.4804,7.8976,4.2794,0.6537,2.489,25.9649,0.5743
10/10/1960,33.3468,29.6085,5.0511,24.5246,7.8936,4.2728,0.6518,2.4826,25.9449,0.5722
11/10/1960,33.2157,29.5619,5.0513,24.4967,7.8842,4.2561,0.6458,2.4736,25.8759,0.5731
12/10/1960,33.1486,29.5094,5.0341,24.4847,7.8657,4.2463,0.6453,2.466,25.8759,0.5734
16/10/1960,33.0657,29.536,5.0312,24.4782,7.8422,4.235,0.6443,2.468,26.0215,0.5783
17/10/1960,33.0919,29.5128,5.0167,24.4289,7.8418,4.2377,0.645,2.4636,25.9597,0.5777
18/10/1960,33.0954,29.4934,5.0062,24.4244,7.8394,4.239,0.6451,2.4713,25.9671,0.5772
19/10/1960,33.1474,29.3547,5.0023,24.4186,7.8509,4.2471,0.6455,2.4637,26.0449,0.5769
20/10/1960,33.1356,29.333,5.0099,24.3967,7.8536,4.2465,0.6443,2.4609,26.0231,0.5786
24/10/1960,33.1587,29.246,5.0009,24.3732,7.8404,4.2499,0.6445,2.4627,25.9063,0.5768
25/10/1960,33.201,29.1759,5.0046,24.364,7.8456,4.2549,0.6421,2.4718,25.6592,0.576
27/10/1960,33.2774,29.1596,5.0057,24.3276,7.8567,4.2644,0.6416,2.4649,25.4394,0.5753
30/10/1960,33.2458,29.2469,5.0018,24.3444,7.8443,4.2604,0.6433,2.471,25.5011,0.5724
31/10/1960,33.2293,29.3659,5.0082,24.408,7.8525,4.2593,0.6432,2.4732,25.5211,0.5732
1/11/1960,33.1874,29.1676,5.0086,24.3566,7.8439,4.2535,0.6436,2.4617,25.4275,0.5689
2/11/1960,33.108,29.064,5.0191,24.3694,7.8344,4.2441,0.6425,2.4599,25.504,0.5683
3/11/1960,33.1013,29.0504,5.0079,24.3441,7.8273,4.2422,0.6445,2.4633,25.4448,0.5687
6/11/1960,33.1725,28.9775,5.0011,24.3026,7.8281,4.2509,0.646,2.4677,25.3666,0.5617
7/11/1960,33.1234,29.0893,5.0019,24.3181,7.84,4.2456,0.6476,2.4767,25.4592,0.5684
8/11/1960,33.1421,29.1236,4.9932,24.3058,7.8425,4.2467,0.6449,2.4748,25.3615,0.5583
9/11/1960,33.1123,29.0721,4.996,24.3049,7.8343,4.2458,0.6455,2.4704,25.4022,0.5588
10/11/1960,33.0928,29.1794,4.9854,24.3418,7.8978,4.2419,0.6448,2.4703,25.4186,0.5583
13/11/1960,33.0899,29.1375,4.9799,24.316,7.8944,4.2411,0.6454,2.4636,25.3222,0.5591
14/11/1960,33.0709,29.1048,4.9798,24.2968,7.8931,4.2389,0.6469,2.4638,25.2367,0.5568
15/11/1960,33.0511,29.1684,4.9831,24.3119,7.9012,4.2346,0.6464,2.4674,25.0799,0.5467
16/11/1960,33.0082,29.2336,4.9795,24.3329,7.9065,4.2274,0.648,2.4628,25.0801,0.548
17/11/1960,32.8687,29.1792,4.9617,24.2658,7.886,4.2085,0.6465,2.456,24.9437,0.5506
20/11/1960,32.8015,29.2569,4.9461,24.1812,7.8891,4.1985,0.6451,2.4543,24.7889,0.5552
21/11/1960,32.8307,29.1784,4.9458,24.1936,7.9118,4.2025,0.6459,2.4462,24.7584,0.5524
22/11/1960,32.7547,29.1876,4.9456,24.1889,7.9358,4.1922,0.6477,2.4419,24.8083,0.5538
23/11/1960,32.7114,29.4106,4.9605,24.2771,7.9725,4.1881,0.6467,2.4467,24.8909,0.56
24/11/1960,32.679,29.3517,4.9655,24.279,7.939,4.184,0.6456,2.4411,24.9005,0.5591
27/11/1960,32.6801,29.3153,4.9553,24.2751,7.9457,4.1874,0.6448,2.4416,24.8406,0.5597
28/11/1960,32.6339,29.3559,4.9455,24.2351,7.9322,4.1826,0.6472,2.4344,24.7977,0.5579
29/11/1960,32.5811,29.214,4.937,24.2138,7.9431,4.1746,0.6481,2.4325,24.7373,0.5577
30/11/1960,32.6002,29.1108,4.9382,24.2008,7.9855,4.1751,0.6479,2.4286,24.7186,0.556
1/12/1960,32.655,29.0387,4.9451,24.2264,7.9906,4.1804,0.6493,2.4306,24.6867,0.5585
4/12/1960,32.6494,28.97,4.9387,24.2102,7.9987,4.1782,0.6473,2.4277,24.7947,0.5544
6/12/1960,32.613,29.0259,4.9298,24.2038,8.0248,4.1729,0.6442,2.4321,24.7316,0.5551
7/12/1960,32.6329,29.0281,4.9338,24.1915,7.998,4.1764,0.6434,2.4313,24.6358,0.5513
8/12/1960,32.6426,28.8014,4.9309,24.1408,7.9919,4.1797,0.645,2.4339,24.5077,0.5517
12/12/1960,32.5912,28.6938,4.9253,24.1197,8.0016,4.1732,0.647,2.4361,24.496,0.553
13/12/1960,32.6009,28.7538,4.9247,24.1203,8.0007,4.1757,0.6464,2.4234,24.6801,0.5504
14/12/1960,32.5132,28.8276,4.9213,24.1397,7.9856,4.163,0.6458,2.424,24.8927,0.5551
15/12/1960,32.5171,28.9615,4.9279,24.1521,7.9768,4.1623,0.6445,2.4286,24.9389,0.5523
18/12/1960,32.5628,28.9009,4.925,24.1409,7.9772,4.1668,0.6463,2.4153,24.9218,0.5534
19/12/1960,32.7766,29.0962,4.9591,24.3226,8.0444,4.1916,0.6501,2.4277,25.1051,0.5584
20/12/1960,32.738,28.9843,4.9693,24.3149,8.0387,4.1863,0.652,2.4274,25.0733,0.5576
21/12/1960,32.7249,28.8735,4.9854,24.3384,8.0513,4.1817,0.6532,2.4288,25.0889,0.5574
22/12/1960,32.733,28.8713,4.9763,24.3436,8.0221,4.1847,0.6516,2.4342,25.2284,0.56
25/12/1960,32.7346,28.8974,4.9896,24.3572,8.0317,4.1873,0.6547,2.4445,25.2783,0.5611
26/12/1960,32.7649,28.9042,5.0124,24.3824,8.0417,4.192,0.6565,2.4377,25.2902,0.5648
27/12/1960,32.8091,28.9652,5.0125,24.4385,8.0366,4.1988,0.657,2.4324,25.3745,0.5688
28/12/1960,32.7093,28.8895,4.9991,24.4128,8.0323,4.1844,0.6563,2.4294,25.455,0.5665
29/12/1960,32.6809,28.9806,5.0145,24.4503,8.0584,4.1803,0.6556,2.4231,25.4772,0.5678
3/1/1961,32.4378,28.8807,4.9929,24.3891,8.0713,4.1493,0.6514,2.4125,25.3611,0.1428
4/1/1961,32.3101,28.6816,4.97,24.2961,8.0443,4.1318,0.6494,2.4163,25.2945,0.1423
5/1/1961,32.2087,28.5425,4.9713,24.2718,8.0589,4.1188,0.6477,2.412,25.282,0.1418
8/1/1961,32.1489,28.4134,4.9664,24.2085,8.0593,4.1107,0.6454,2.4134,25.2503,0.1416
9/1/1961,32.2342,28.5666,4.9602,24.2026,8.058,4.1199,0.6431,2.4136,25.3067,0.1419
10/1/1961,32.2323,28.719,4.9387,24.1401,8.0432,4.1208,0.6414,2.4198,25.2077,0.1419
11/1/1961,32.073,28.7416,4.9244,24.062,8.0375,4.0982,0.6375,2.4086,25.2465,0.1412
12/1/1961,31.9463,28.7019,4.9285,24.0506,8.0396,4.0838,0.635,2.3971,25.1861,0.1407
15/1/1961,31.9215,28.8137,4.9577,24.133,8.0684,4.0797,0.6355,2.4038,25.3165,0.1406
16/1/1961,31.9495,28.8219,4.9657,24.1561,8.0763,4.0825,0.6351,2.4122,25.4254,0.1407
17/1/1961,31.9257,28.8727,4.9659,24.1771,8.0955,4.0807,0.6334,2.4138,25.4577,0.1406
18/1/1961,31.962,28.725,4.9659,24.1253,8.0737,4.0874,0.6312,2.4123,25.4338,0.1407
19/1/1961,31.8693,28.7167,4.977,24.1453,8.0897,4.0752,0.629,2.4128,25.5268,0.1404
22/1/1961,31.889,28.7798,4.983,24.1381,8.0945,4.0781,0.629,2.4159,25.4774,0.1404
23/1/1961,31.8208,28.6864,4.9754,24.1413,8.1003,4.0697,0.626,2.409,25.4732,0.1401
24/1/1961,31.7352,28.8189,4.9637,24.1144,8.1043,4.0586,0.6235,2.4033,25.4001,0.1397
25/1/1961,31.4377,28.8047,4.9603,24.0663,8.0632,4.0215,0.6192,2.3969,25.3957,0.1385
26/1/1961,31.3827,28.686,4.9629,24.0037,8.0912,4.0133,0.6176,2.3864,25.2672,0.1382
29/1/1961,31.341,28.8061,4.9578,23.9643,8.1072,4.0083,0.6161,2.3612,25.3606,0.138
30/1/1961,31.4569,28.8963,4.9656,23.9873,8.0848,4.0225,0.6142,2.3675,25.4248,0.1385
31/1/1961,31.3762,28.8305,4.964,23.9338,8.0514,4.0119,0.6117,2.3674,25.3125,0.1382
1/2/1961,31.3607,28.688,4.985,23.9049,8.0509,4.0093,0.6112,2.364,25.2322,0.1381
2/2/1961,31.3309,28.6157,4.9839,23.9091,8.0617,4.0068,0.608,2.3584,25.1092,0.138
5/2/1961,31.4899,28.6542,4.9968,23.8928,8.0811,4.0257,0.6103,2.3409,24.9566,0.1387
6/2/1961,31.626,29.037,5.0232,23.9378,8.0872,4.0437,0.6153,2.3377,24.8764,0.1393
7/2/1961,31.4688,28.7866,5.0239,23.8813,8.0637,4.0249,0.6127,2.339,24.8022,0.1386
8/2/1961,31.7104,28.9711,5.0302,23.9201,8.0863,4.0552,0.6186,2.3457,24.8,0.1397
9/2/1961,31.8283,29.2281,5.0253,23.8912,8.0886,4.0696,0.62,2.3404,24.7717,0.1402
12/2/1961,31.6344,29.1136,5.023,23.8566,8.0574,4.0457,0.616,2.3452,24.7565,0.1393
13/2/1961,31.5564,29.0583,4.9866,23.8379,8.0257,4.0347,0.6091,2.3244,24.7968,0.139
14/2/1961,31.4051,29.2362,4.9587,23.793,7.9946,4.0153,0.6048,2.3147,24.7163,0.1383
15/2/1961,31.304,29.3179,4.9485,23.8117,8.0331,4.0022,0.602,2.3297,24.8136,0.1379
16/2/1961,31.2449,29.4582,4.9544,23.8882,8.0298,3.9956,0.5992,2.3291,24.8445,0.1376
19/2/1961,31.2922,29.4345,4.9573,23.871,8.0617,4.0008,0.5992,2.3322,24.7929,0.1379
20/2/1961,31.4315,29.429,4.966,23.9003,8.0803,4.0181,0.6012,2.3237,24.8462,0.1385
21/2/1961,31.5227,29.2975,4.9743,23.892,8.0709,4.0292,0.6034,2.332,24.8032,0.1389
22/2/1961,31.6004,29.4134,4.9834,23.858,8.0775,4.0382,0.6078,2.327,24.6419,0.1391
23/2/1961,31.4746,29.4375,4.9653,23.8377,8.0702,4.0222,0.6078,2.3222,24.6382,0.1385
26/2/1961,31.3794,29.4138,4.9662,23.7984,8.0354,4.0107,0.6069,2.3075,24.6437,0.138
27/2/1961,31.283,29.2648,4.9644,23.7761,8.0177,3.9986,0.6021,2.3038,24.574,0.1376
28/2/1961,31.4627,29.3327,4.9759,23.7487,8.02,4.0189,0.6054,2.3192,24.5155,0.1383
2/3/1961,31.4649,29.6307,4.9561,23.8102,8.0419,4.019,0.6072,2.309,24.4221,0.1383
5/3/1961,31.4162,29.766,4.9589,23.8223,8.0655,4.0112,0.6062,2.3064,24.3559,0.1381
6/3/1961,31.3847,29.5356,4.9504,23.8155,8.0574,4.0065,0.6055,2.306,24.4042,0.1379
7/3/1961,31.3463,29.6391,4.9576,23.8029,8.0446,4.0015,0.6031,2.3049,24.4289,0.1377
8/3/1961,31.31,29.5123,4.9527,23.8201,8.0242,3.9971,0.6032,2.2882,24.4991,0.1376
9/3/1961,31.3681,29.3713,4.944,23.79,8.0224,3.9999,0.6029,2.3005,24.4147,0.1379
12/3/1961,31.3202,29.3166,4.9497,23.8181,8.0315,3.9953,0.6031,2.2961,24.6087,0.1376
13/3/1961,31.271,29.352,4.9436,23.8188,8.013,3.9883,0.6015,2.2944,24.6255,0.1374
14/3/1961,31.1831,29.2649,4.9413,23.7928,8.0166,3.9775,0.6,2.2882,24.5352,0.137
15/3/1961,31.1525,29.3993,4.9396,23.7907,7.977,3.9731,0.5986,2.2916,24.5282,0.1369
16/3/1961,31.2255,29.4619,4.938,23.754,7.9689,3.9817,0.6005,2.2953,24.3119,0.1372
19/3/1961,31.2405,29.5247,4.9364,23.702,7.9908,3.9824,0.6015,2.292,24.0856,0.1372
20/3/1961,31.1905,29.3988,4.9346,23.7109,7.9807,3.9769,0.5991,2.273,24.039,0.137
21/3/1961,31.2093,29.3273,4.9333,23.6728,7.9693,3.9788,0.6003,2.2789,24.0201,0.1371
22/3/1961,31.1825,29.4991,4.9392,23.7515,7.9871,3.9752,0.5987,2.2773,24.1598,0.1369
23/3/1961,31.267,29.8038,4.9429,23.7756,8.0055,3.9843,0.5982,2.2787,24.1021,0.1372
26/3/1961,31.1786,29.7117,4.9454,23.7486,7.9831,3.9741,0.5958,2.2722,24.0771,0.1368
27/3/1961,31.1364,29.4902,4.9777,23.7954,8.0278,3.9681,0.5972,2.277,24.0941,0.1365
28/3/1961,31.2129,29.5565,4.9802,23.8574,8.0932,3.9788,0.597,2.2773,24.0084,0.1369
29/3/1961,31.2597,29.3088,4.9735,23.8225,8.097,3.9834,0.5985,2.2796,23.9307,0.137
30/3/1961,31.2318,29.3934,4.9783,23.8223,8.0961,3.9791,0.5986,2.2807,23.9806,0.137
2/4/1961,31.1702,29.3202,4.9754,23.7987,8.0922,3.9713,0.5981,2.2771,23.9517,0.1368
3/4/1961,31.2024,29.4642,4.9724,23.7985,8.0798,3.9756,0.5998,2.2783,23.9423,0.1369
4/4/1961,31.202,29.3032,4.9647,23.7968,8.0877,3.975,0.6006,2.2761,23.9869,0.1368
5/4/1961,31.2211,29.2106,4.9587,23.7849,8.0783,3.977,0.5999,2.2796,24.0358,0.1369
9/4/1961,31.2479,29.2128,4.9608,23.7789,8.095,3.9801,0.6012,2.278,24.0169,0.1371
10/4/1961,31.2484,29.2279,4.96,23.8295,8.0961,3.9804,0.6011,2.2827,24.0738,0.1371
11/4/1961,31.1948,29.1313,4.9684,23.83,8.0778,3.974,0.6018,2.2767,24.1893,0.1369
12/4/1961,31.1525,29.1388,4.9696,23.807,8.0477,3.9686,0.5991,2.2714,24.1625,0.1367
17/4/1961,31.1835,29.1256,4.9706,23.8045,8.0277,3.9717,0.6,2.2743,24.2325,0.1369
18/4/1961,31.225,29.1058,4.9746,23.8228,8.0323,3.9792,0.5996,2.2792,24.2403,0.1371
19/4/1961,31.2286,29.0754,4.9819,23.8381,8.0394,3.9785,0.6008,2.2848,24.3178,0.1372
20/4/1961,31.2581,29.056,4.982,23.8177,8.0397,3.9833,0.5994,2.2714,24.1258,0.1372
23/4/1961,31.3938,29.1102,4.9938,23.837,8.0597,4.0025,0.6024,2.2708,24.0772,0.1379
24/4/1961,31.5192,28.9717,4.994,23.7844,8.0731,4.0185,0.6034,2.2801,23.9473,0.1385
25/4/1961,31.4898,28.8838,4.9979,23.7768,8.0584,4.0122,0.6026,2.2758,23.8736,0.1383
26/4/1961,31.5806,28.8798,4.9973,23.7836,8.0752,4.0233,0.6051,2.2806,23.9101,0.1387
27/4/1961,31.6282,28.9375,4.9962,23.817,8.0708,4.0297,0.6087,2.287,23.8644,0.1389
30/4/1961,31.4986,28.8608,4.9852,23.7978,8.0439,4.0137,0.6102,2.2834,23.8399,0.1384
2/5/1961,31.7044,28.8906,4.9979,23.7703,8.0882,4.0384,0.6127,2.2853,23.7632,0.1393
3/5/1961,31.727,28.9178,4.9896,23.7662,8.0623,4.0415,0.612,2.2797,23.815,0.1394
4/5/1961,31.6449,29.0092,4.9862,23.7812,8.0515,4.0313,0.6133,2.2785,23.8686,0.1391
7/5/1961,31.7652,29.1445,5.0025,23.825,8.0665,4.0472,0.614,2.2844,23.9068,0.1395
8/5/1961,31.8701,29.2519,5.0096,23.8573,8.0776,4.0591,0.6148,2.2814,23.9209,0.14
9/5/1961,32.0688,29.2872,5.0337,23.8828,8.1235,4.0847,0.6171,2.2891,23.8357,0.1409
10/5/1961,32.1339,29.2807,5.0522,23.9046,8.1526,4.0932,0.6199,2.2929,23.9873,0.1411
11/5/1961,31.9469,29.2078,5.0391,23.8924,8.097,4.0699,0.6152,2.2846,24.0666,0.1403
14/5/1961,31.8357,29.1113,5.0275,23.8786,7.9979,4.0552,0.6074,2.29,24.0476,0.1399
15/5/1961,31.8919,29.0434,5.0309,23.8725,8.0766,4.0625,0.6084,2.2873,24.0006,0.1401
16/5/1961,32.0935,29.116,5.0415,23.9029,8.1107,4.0882,0.6128,2.2878,23.9879,0.141
17/5/1961,32.0311,29.0371,5.0385,23.9031,8.0743,4.0806,0.6141,2.2856,24.1139,0.1407
18/5/1961,32.1155,28.941,5.0464,23.9321,8.0923,4.0907,0.6149,2.29,24.115,0.141
21/5/1961,32.2076,28.9871,5.0522,23.9588,8.1047,4.1022,0.6152,2.2795,24.2117,0.1414
22/5/1961,32.1302,28.9533,5.0437,23.9798,8.098,4.0932,0.6143,2.2764,24.3588,0.1411
23/5/1961,32.0786,29.0279,5.0365,23.9187,8.0782,4.0861,0.6136,2.271,24.2307,0.1409
24/5/1961,32.1181,29.3127,5.0304,23.9134,8.0633,4.0927,0.6121,2.2733,24.2705,0.1411
25/5/1961,32.016,29.2389,5.0181,23.879,8.0477,4.0803,0.6107,2.2711,24.2176,0.1406
28/5/1961,31.9083,29.145,4.997,23.8248,8.0196,4.067,0.6077,2.2823,24.1388,0.1401
30/5/1961,32.1179,29.5524,5.0008,23.8845,8.0538,4.0936,0.6093,2.2983,24.0799,0.1407
31/5/1961,32.0247,29.4634,4.9992,23.9124,8.0511,4.0816,0.6102,2.3089,24.2165,0.1401
1/6/1961,32.0607,29.3949,5.0023,23.9592,8.0574,4.0863,0.61,2.3129,24.224,0.1406
4/6/1961,32.0172,29.1914,4.9933,23.9393,8.0528,4.081,0.61,2.3236,24.3387,0.1405
5/6/1961,31.9809,29.1121,4.992,23.9514,8.051,4.0758,0.6097,2.314,24.4248,0.1401
6/6/1961,31.9126,29.0401,4.9915,23.9339,8.0458,4.0665,0.61,2.3146,24.4037,0.1398
7/6/1961,31.9044,28.9853,4.9956,23.9615,8.0299,4.0661,0.6093,2.3137,24.4291,0.1399
8/6/1961,32.0294,29.1901,5.0069,24.0122,8.0461,4.0819,0.6088,2.3116,24.3799,0.1405
11/6/1961,32.0377,29.2417,5.0044,24.0152,8.0443,4.0825,0.6068,2.3117,24.3604,0.1406
12/6/1961,32.0773,29.0814,5.0118,24.0123,8.0424,4.0885,0.6046,2.3153,24.3888,0.1406
13/6/1961,32.1244,29.0589,5.02,24.0348,8.0444,4.0928,0.6059,2.3176,24.304,0.1409
14/6/1961,32.1544,29.1554,5.0358,24.0703,8.0527,4.097,0.6041,2.319,24.3117,0.141
15/6/1961,32.378,29.2635,5.0497,24.0618,8.1256,4.1245,0.6067,2.3292,24.1563,0.142
18/6/1961,32.6886,29.5824,5.0716,24.185,8.1793,4.1643,0.6121,2.3575,24.3112,0.1433
19/6/1961,32.6948,29.7502,5.0668,24.1852,8.1814,4.1655,0.6132,2.355,24.1986,0.1432
20/6/1961,32.7203,29.7315,5.054,24.1286,8.1747,4.1695,0.6146,2.3629,24.1877,0.1432
21/6/1961,32.8887,29.7624,5.0705,24.1744,8.2038,4.1922,0.6159,2.351,24.2129,0.1438
22/6/1961,32.9181,29.9116,5.0617,24.2519,8.2144,4.1959,0.6169,2.3514,24.342,0.1439
25/6/1961,32.9639,30.0826,5.056,24.2222,8.2179,4.2015,0.6189,2.3477,24.4787,0.144
26/6/1961,32.9505,30.074,5.0322,24.218,8.1944,4.1987,0.6178,2.3413,24.429,0.144
27/6/1961,33.0136,30.0381,5.006,24.2275,8.203,4.206,0.6171,2.344,24.3668,0.1441
28/6/1961,33.051,29.9974,4.9952,24.1689,8.1887,4.2109,0.618,2.3318,24.2809,0.1441
29/6/1961,33.1672,29.9902,5.0014,24.2848,8.2104,4.2257,0.621,2.3223,24.429,0.1446
2/7/1961,33.0877,29.8234,4.986,24.2503,8.1931,4.2164,0.62,2.3161,24.444,0.1441
3/7/1961,33.2256,29.9394,4.9643,24.2458,8.2145,4.2342,0.6218,2.3144,24.4025,0.1448
4/7/1961,33.1198,30.007,4.9911,24.3018,8.1906,4.2224,0.6222,2.3187,24.5315,0.1437
5/7/1961,33.2124,30.063,5.0016,24.3206,8.2086,4.2323,0.6216,2.317,24.5018,0.1442
6/7/1961,33.2073,29.9969,4.9899,24.34,8.2147,4.2307,0.6227,2.3153,24.5352,0.1441
9/7/1961,33.1187,29.9802,4.9897,24.4195,8.2065,4.2199,0.6221,2.3178,24.6771,0.1438
10/7/1961,33.1036,29.8139,5.0058,24.4513,8.2375,4.2164,0.6197,2.3209,24.7447,0.1437
11/7/1961,33.2625,29.9863,4.9921,24.4598,8.2487,4.2356,0.6217,2.3214,24.6714,0.1444
12/7/1961,33.3168,29.6903,4.9741,24.4383,8.2432,4.2441,0.6234,2.3194,24.5636,0.1446
13/7/1961,33.2393,29.5103,4.9801,24.3825,8.2314,4.2342,0.6226,2.3274,24.6335,0.1442
16/7/1961,33.2982,29.5923,4.9709,24.3991,8.2267,4.2415,0.6228,2.323,24.7174,0.1445
17/7/1961,33.2617,29.5784,4.9723,24.4279,8.2232,4.2375,0.6223,2.3227,24.671,0.1443
18/7/1961,33.329,29.5072,4.964,24.4134,8.222,4.2461,0.6245,2.3252,24.6087,0.1446
19/7/1961,33.3591,29.5829,4.9492,24.4221,8.2174,4.25,0.6242,2.3251,24.7242,0.1448
20/7/1961,33.4582,29.7518,4.925,24.4212,8.2347,4.2617,0.6255,2.3211,24.6038,0.1451
23/7/1961,33.3409,30.0255,4.9265,24.5,8.2262,4.2474,0.6249,2.3126,24.7337,0.1446
24/7/1961,33.4664,30.0859,4.9103,24.5019,8.2297,4.2651,0.6256,2.3166,24.6847,0.1441
25/7/1961,33.3762,29.9902,4.9064,24.4702,8.2153,4.2525,0.6266,2.3093,24.7416,0.1436
26/7/1961,33.2292,29.9879,4.9102,24.4485,8.2,4.2339,0.6234,2.3107,24.7412,0.1431
31/7/1961,33.3093,29.9979,4.8826,24.4737,8.2051,4.244,0.6272,2.3182,24.7105,0.1433
1/8/1961,33.1948,29.6968,4.8696,24.3791,8.1713,4.2288,0.6263,2.3131,24.6248,0.1426
2/8/1961,33.1779,29.7094,4.8662,24.3407,8.1545,4.2265,0.6261,2.3094,24.5376,0.1425
3/8/1961,33.328,29.8367,4.8561,24.3575,8.1683,4.2454,0.6278,2.3072,24.5457,0.1432
6/8/1961,33.2421,29.8637,4.8639,24.3355,8.1539,4.2356,0.6272,2.3105,24.583,0.1426
7/8/1961,33.3401,29.9411,4.8628,24.3727,8.1658,4.2464,0.6315,2.3137,24.6564,0.1431
8/8/1961,33.2196,29.8277,4.8678,24.3568,8.1503,4.2316,0.6277,2.3109,24.6797,0.1426
9/8/1961,33.1788,29.9238,4.8604,24.3474,8.1442,4.2262,0.6262,2.3127,24.6516,0.1425
10/8/1961,33.2549,29.9746,4.8624,24.3081,8.1507,4.2354,0.626,2.3132,24.4615,0.1429
14/8/1961,33.3303,30.0745,4.8385,24.2512,8.1412,4.2458,0.6245,2.294,24.2447,0.143
15/8/1961,33.3361,29.9356,4.8314,24.1789,8.1304,4.2456,0.6239,2.2933,24.0787,0.143
16/8/1961,33.2958,30.0573,4.8166,24.1701,8.1182,4.2411,0.6236,2.2871,24.1448,0.1429
17/8/1961,33.2011,29.9498,4.8289,24.1487,8.0909,4.2287,0.6226,2.2865,24.1333,0.1424
20/8/1961,33.1746,30.0029,4.838,24.1945,8.087,4.2254,0.6218,2.2848,24.2337,0.1425
21/8/1961,32.8141,29.8439,4.8004,24.003,8.0127,4.1802,0.6173,2.2628,24.1167,0.141
22/8/1961,32.7024,29.666,4.7844,23.9415,7.982,4.1658,0.6135,2.2544,24.0705,0.1406
23/8/1961,32.7922,29.6002,4.7846,23.9442,7.9946,4.1778,0.6138,2.2574,23.9531,0.1409
24/8/1961,32.8253,29.4673,4.7738,23.9177,7.9917,4.1827,0.6145,2.254,23.8532,0.141
27/8/1961,32.6053,29.3288,4.7879,23.8967,7.9548,4.1551,0.6114,2.2412,23.8935,0.1399
28/8/1961,32.5525,29.2516,4.7806,23.8833,7.9485,4.1469,0.6107,2.2423,23.8794,0.1397
29/8/1961,32.6673,29.3664,4.798,23.9473,7.9664,4.1619,0.6122,2.2444,23.9645,0.1402
30/8/1961,32.6883,29.2787,4.7931,23.9548,7.9599,4.1658,0.6127,2.2456,23.8434,0.1403
31/8/1961,32.7517,29.4959,4.7865,23.9501,7.9719,4.1725,0.6133,2.2361,23.7671,0.1406
3/9/1961,32.7613,29.5233,4.7923,23.8899,7.9499,4.1736,0.6133,2.2233,23.5389,0.1406
4/9/1961,32.7422,29.4592,4.7974,23.844,7.9193,4.1722,0.6124,2.2115,23.5761,0.1405
5/9/1961,32.8026,29.4012,4.7947,23.8323,7.9158,4.1798,0.6135,2.21,23.5837,0.1407
6/9/1961,32.7902,29.4577,4.7932,23.841,7.9097,4.1784,0.6121,2.223,23.5712,0.1407
7/9/1961,32.7919,29.6471,4.7965,23.8476,7.9127,4.1779,0.6083,2.2236,23.5365,0.1407
10/9/1961,32.8479,29.6057,4.7907,23.818,7.9262,4.185,0.6114,2.2265,23.3575,0.141
11/9/1961,32.825,29.4675,4.7843,23.8263,7.9199,4.1849,0.6093,2.22,23.3589,0.1409
12/9/1961,32.8109,29.4294,4.777,23.8379,7.9047,4.184,0.6084,2.2174,23.3117,0.1409
13/9/1961,32.6271,29.2765,4.7629,23.7896,7.8794,4.1573,0.6052,2.213,23.4168,0.1402
14/9/1961,32.5935,29.106,4.7598,23.7892,7.8716,4.1542,0.6037,2.209,23.4262,0.1401
17/9/1961,32.6922,29.1657,4.7563,23.7891,7.8992,4.1663,0.6045,2.2122,23.3732,0.1406
18/9/1961,32.6239,29.1487,4.7477,23.7679,7.8727,4.1594,0.6035,2.1957,23.3967,0.1401
19/9/1961,32.5525,28.9851,4.7469,23.7621,7.8559,4.1494,0.6032,2.1947,23.5278,0.1398
20/9/1961,32.3729,28.8409,4.7264,23.6589,7.8244,4.1285,0.6008,2.1889,23.4942,0.1389
21/9/1961,32.3976,28.7698,4.7356,23.7499,7.8441,4.1378,0.5996,2.1969,23.6008,0.139
24/9/1961,32.469,28.8455,4.7344,23.7831,7.857,4.1593,0.6,2.1941,23.618,0.1392
25/9/1961,32.4513,28.7435,4.7321,23.7593,7.8515,4.1549,0.5982,2.1889,23.5315,0.1391
26/9/1961,32.448,28.7259,4.7227,23.7672,7.8409,4.152,0.5981,2.1846,23.575,0.139
27/9/1961,32.4484,28.7542,4.718,23.7643,7.8356,4.154,0.5989,2.1877,23.5299,0.139
28/9/1961,32.4066,28.5455,4.7074,23.7017,7.8256,4.1459,0.5996,2.1843,23.3615,0.1388
1/10/1961,32.2762,28.3332,4.6932,23.5971,7.7995,4.1236,0.5977,2.1762,23.2855,0.1384
2/10/1961,32.3259,28.3793,4.699,23.5486,7.8053,4.1275,0.5964,2.1746,23.3346,0.1386
3/10/1961,32.3541,28.4586,4.7039,23.5569,7.8173,4.128,0.5976,2.1655,23.2343,0.1387
4/10/1961,32.6027,28.5032,4.7363,23.6125,7.8661,4.16,0.6004,2.17,23.1134,0.1397
5/10/1961,32.7719,28.7433,4.7599,23.7301,7.9045,4.1832,0.6035,2.1719,23.1578,0.1404
8/10/1961,32.888,28.8759,4.7679,23.7843,7.9259,4.1995,0.6071,2.1754,23.1971,0.141
9/10/1961,32.9176,29.0866,4.7524,23.7853,7.9187,4.204,0.6082,2.1739,23.297,0.141
10/10/1961,32.8865,29.0872,4.7519,23.8251,7.9218,4.198,0.6078,2.1734,23.4003,0.1408
11/10/1961,32.9167,29.3239,4.745,23.8187,7.9161,4.2017,0.6071,2.1672,23.2742,0.141
12/10/1961,32.6956,29.112,4.7387,23.7928,7.8702,4.1737,0.6053,2.1628,23.2792,0.1401
16/10/1961,32.6508,29.1515,4.719,23.7356,7.8616,4.1678,0.6045,2.1645,23.2805,0.14
17/10/1961,32.5463,28.9672,4.7051,23.6826,7.8381,4.1522,0.6042,2.1577,23.2183,0.1395
18/10/1961,32.5953,28.9519,4.7004,23.6604,7.8443,4.1584,0.6047,2.1628,23.2094,0.1397
19/10/1961,32.6234,29.0219,4.7018,23.6427,7.8439,4.1622,0.6047,2.1605,23.1687,0.1397
22/10/1961,32.619,28.9647,4.7033,23.6774,7.844,4.1602,0.6078,2.1681,23.1553,0.1397
24/10/1961,32.7993,29.1629,4.7259,23.8116,7.8811,4.1854,0.6104,2.1663,23.2541,0.1405
25/10/1961,32.9231,29.3905,4.7399,23.8552,7.8975,4.2012,0.6128,2.1761,23.2782,0.141
26/10/1961,33.0093,29.3771,4.7423,23.8798,7.9063,4.2109,0.6144,2.1835,23.2768,0.1414
29/10/1961,33.118,29.581,4.7615,23.9858,7.9291,4.2241,0.618,2.1839,23.4784,0.1418
30/10/1961,33.2742,29.5381,4.7753,24.0596,7.9607,4.2434,0.6216,2.1906,23.5472,0.1426
31/10/1961,33.2714,29.3836,4.776,24.019,7.9526,4.2414,0.6227,2.1909,23.5706,0.1426
1/11/1961,33.0334,29.2712,4.7397,23.8988,7.8984,4.2138,0.6198,2.1918,23.5122,0.1415
2/11/1961,32.9138,29.1634,4.7592,23.9256,7.8904,4.2012,0.6183,2.1937,23.7374,0.141
5/11/1961,32.8923,29.0578,4.7622,23.9239,7.8925,4.2015,0.6173,2.2068,23.6481,0.141
6/11/1961,32.9636,29.0857,4.7615,23.9801,7.896,4.2083,0.6198,2.2328,23.755,0.1414
7/11/1961,32.9166,29.0185,4.7505,23.9731,7.8954,4.2025,0.6215,2.2503,23.8246,0.1411
8/11/1961,32.8467,28.899,4.7417,23.9494,7.8833,4.1957,0.624,2.2678,23.8818,0.1408
9/11/1961,33.0149,28.9671,4.7572,23.9942,7.9064,4.2169,0.6243,2.2731,23.9261,0.1416
12/11/1961,33.0914,29.0172,4.7586,24.0004,7.9101,4.2247,0.6235,2.2641,23.8961,0.1421
13/11/1961,33.0336,29.0275,4.7469,23.8986,7.8765,4.2186,0.6224,2.2345,23.7278,0.1418
14/11/1961,32.9144,28.8841,4.7367,23.8581,7.852,4.2035,0.6211,2.2447,23.766,0.1412
15/11/1961,32.894,28.9636,4.7398,23.889,7.8457,4.202,0.6219,2.243,23.9064,0.1411
16/11/1961,32.9805,29.0709,4.7576,23.9854,7.8729,4.212,0.6258,2.2624,23.9973,0.1415
19/11/1961,32.923,29.2066,4.7458,23.9796,7.8616,4.2052,0.6266,2.2742,24.08,0.1413
20/11/1961,32.9571,29.2697,4.7484,24.029,7.8666,4.208,0.6272,2.2696,24.0095,0.1414
21/11/1961,33.0016,29.2683,4.7543,23.9995,7.8634,4.2153,0.629,2.2701,23.8452,0.1414
22/11/1961,32.932,29.1398,4.7552,23.9804,7.8557,4.2081,0.6311,2.2692,23.8735,0.1411
23/11/1961,32.9854,29.2057,4.7612,24.0294,7.861,4.216,0.6305,2.2773,23.9161,0.1413
26/11/1961,33.0586,29.2229,4.76,24.0463,7.8802,4.2246,0.6313,2.2896,23.9162,0.1415
27/11/1961,33.0318,29.1114,4.7575,24.0295,7.8791,4.2233,0.6299,2.2868,23.8516,0.1416
28/11/1961,33.0419,29.0408,4.7533,23.9844,7.8796,4.222,0.6284,2.2847,23.8836,0.1416
29/11/1961,32.8967,28.9786,4.7358,23.9655,7.846,4.2035,0.6283,2.298,24.0022,0.141
30/11/1961,32.9178,29.0201,4.7408,24.0232,7.8636,4.2087,0.6293,2.3135,24.0718,0.1411
3/12/1961,32.8298,28.9014,4.7372,23.9835,7.8603,4.1959,0.6282,2.3177,24.1429,0.1408
4/12/1961,32.7384,28.8727,4.767,23.9651,7.8686,4.1894,0.6248,2.3038,24.088,0.1405
6/12/1961,32.8001,29.0784,4.7721,23.963,7.8814,4.1973,0.622,2.2864,23.7348,0.1407
7/12/1961,32.8121,29.0974,4.7686,23.9734,7.8845,4.2003,0.6238,2.2761,23.7042,0.1406
11/12/1961,32.8318,29.0327,4.7517,23.9182,7.8569,4.2013,0.6224,2.265,23.6163,0.1409
12/12/1961,32.7582,28.8696,4.754,23.8683,7.8364,4.1901,0.6226,2.2636,23.6467,0.1406
13/12/1961,32.7158,28.8435,4.7569,23.8559,7.8229,4.1871,0.6231,2.2663,23.6123,0.1404
14/12/1961,32.754,28.8564,4.7545,23.8699,7.8321,4.1931,0.6222,2.2659,23.5446,0.1407
17/12/1961,32.7959,28.8958,4.7501,23.8428,7.833,4.1962,0.6197,2.2655,23.5057,0.1409
18/12/1961,32.7354,29.0285,4.7479,23.865,7.8365,4.1883,0.6195,2.2704,23.5308,0.1404
19/12/1961,32.6998,29.0667,4.7412,23.8847,7.8242,4.1809,0.618,2.2867,23.5072,0.1402
20/12/1961,32.7599,29.1372,4.7431,23.8774,7.8311,4.1835,0.617,2.2743,23.2817,0.1406
21/12/1961,32.6426,29.3292,4.7346,23.843,7.81,4.1693,0.6155,2.2681,23.2196,0.1401
24/12/1961,32.6301,29.3776,4.7233,23.7768,7.7992,4.1655,0.6168,2.2576,23.0196,0.1402
25/12/1961,32.5838,29.5545,4.723,23.7395,7.7883,4.1593,0.6164,2.2526,22.9783,0.14
26/12/1961,32.5757,29.4851,4.7272,23.7565,7.7984,4.1591,0.6155,2.245,22.9663,0.14
27/12/1961,32.5832,29.3392,4.7267,23.7442,7.8008,4.1608,0.6186,2.256,23.0049,0.1401
28/12/1961,32.4498,29.3089,4.7237,23.6943,7.8056,4.1416,0.6183,2.2489,22.8411,0.1397
2/1/1962,32.3664,29.5581,4.7127,23.7204,7.8261,4.1296,0.6181,2.2539,22.7353,0.1396
3/1/1962,32.2191,30.0263,4.683,23.5884,7.7745,4.1121,0.6145,2.2399,22.3323,0.1389
4/1/1962,32.0653,29.7543,4.6655,23.5355,7.7496,4.0945,0.6112,2.2376,22.479,0.1382
7/1/1962,31.9508,29.4531,4.6598,23.537,7.764,4.0775,0.6107,2.2755,22.7546,0.1378
8/1/1962,32.0053,29.4434,4.6691,23.5912,7.7867,4.0822,0.6108,2.2878,22.8205,0.138
9/1/1962,32.0238,29.4332,4.6757,23.6013,7.7823,4.0841,0.6123,2.2818,22.8928,0.138
10/1/1962,31.9301,29.5692,4.6891,23.6053,7.7831,4.0732,0.6131,2.2766,22.8676,0.1377
11/1/1962,31.9155,29.4661,4.7129,23.6107,7.7921,4.0698,0.6117,2.2816,22.9657,0.1376
14/1/1962,31.9298,29.4774,4.7245,23.6141,7.7986,4.0712,0.6128,2.2853,22.9867,0.1377
15/1/1962,31.8761,29.3897,4.7175,23.5848,7.7846,4.0659,0.6117,2.2761,22.9798,0.1374
16/1/1962,31.8274,29.345,4.7,23.4954,7.7396,4.0565,0.6121,2.2644,22.9089,0.1372
17/1/1962,31.6297,29.0279,4.6762,23.3329,7.7001,4.0314,0.6066,2.2535,22.6471,0.1364
18/1/1962,31.6846,28.9832,4.6718,23.3751,7.7038,4.0379,0.6058,2.2546,22.781,0.1366
21/1/1962,31.7434,28.9693,4.6723,23.37,7.7225,4.0461,0.6035,2.2478,22.7188,0.1368
22/1/1962,31.7986,29.0252,4.6712,23.3926,7.7096,4.051,0.603,2.2551,22.713,0.1371
23/1/1962,31.7379,28.965,4.6638,23.3515,7.6783,4.0446,0.6019,2.254,22.621,0.1368
24/1/1962,31.6927,28.9311,4.6663,23.3416,7.665,4.0397,0.6015,2.2587,22.6079,0.1366
25/1/1962,31.6894,28.8743,4.6694,23.3127,7.6536,4.0382,0.6011,2.2571,22.4575,0.1366
28/1/1962,31.4871,28.7883,4.669,23.2875,7.6621,4.0125,0.6007,2.262,22.6105,0.1358
29/1/1962,31.5585,28.8831,4.6736,23.3187,7.6729,4.0205,0.6017,2.2597,22.5582,0.1361
30/1/1962,31.4616,28.7732,4.6752,23.2844,7.6595,4.0112,0.6011,2.2473,22.5939,0.1356
31/1/1962,31.2458,28.6914,4.6558,23.204,7.6397,3.9827,0.5995,2.2367,22.656,0.1347
1/2/1962,31.3188,28.7782,4.6566,23.2414,7.6471,3.9912,0.5999,2.2541,22.6999,0.135
4/2/1962,31.3142,28.5748,4.6359,23.1694,7.6493,3.9907,0.599,2.258,22.6411,0.135
5/2/1962,31.307,28.4738,4.6327,23.1463,7.6491,3.9891,0.5985,2.2619,22.5547,0.1349
6/2/1962,31.2455,28.458,4.6264,23.1091,7.6361,3.981,0.598,2.2582,22.4516,0.1346
7/2/1962,31.267,28.4749,4.6205,23.0631,7.6423,3.9841,0.5985,2.2574,22.1797,0.1347
8/2/1962,31.3301,28.541,4.6338,23.0928,7.6966,3.9925,0.6003,2.2522,22.123,0.135
11/2/1962,31.4132,28.5959,4.6377,23.1658,7.7243,4.0026,0.606,2.262,22.2793,0.1354
12/2/1962,31.387,28.4115,4.6182,23.0914,7.7003,3.9998,0.6022,2.2438,22.1774,0.1352
13/2/1962,31.2609,28.2695,4.6187,23.0682,7.691,3.983,0.6025,2.2418,22.2332,0.1347
14/2/1962,31.3816,28.2762,4.6353,23.1144,7.7215,3.9982,0.6023,2.2428,22.2844,0.1353
15/2/1962,31.3053,28.3671,4.6165,23.0527,7.6768,3.9885,0.5986,2.2286,22.189,0.135
18/2/1962,31.2248,28.2523,4.6145,23.0383,7.6611,3.9788,0.5975,2.2219,22.3182,0.1346
20/2/1962,31.1073,28.077,4.614,23.0078,7.6451,3.9629,0.5978,2.2231,22.2785,0.1341
21/2/1962,31.1316,28.117,4.6374,23.0339,7.65,3.9672,0.5992,2.222,22.2279,0.1342
22/2/1962,31.262,28.2318,4.6449,23.0861,7.6617,3.9831,0.5996,2.2337,22.1667,0.1347
25/2/1962,31.303,28.2724,4.6732,23.1878,7.7008,3.9894,0.6028,2.2469,22.3621,0.1349
26/2/1962,31.279,28.1969,4.6696,23.1771,7.6825,3.985,0.6028,2.252,22.3761,0.1348
27/2/1962,31.3826,28.393,4.6871,23.2856,7.7157,3.9973,0.604,2.2518,22.5209,0.1353
28/2/1962,31.4767,28.3992,4.7075,23.3393,7.731,4.01,0.6082,2.2486,22.4496,0.1357
1/3/1962,31.6218,28.3206,4.7185,23.3951,7.7672,4.0286,0.6107,2.2504,22.4125,0.1363
4/3/1962,31.787,28.3821,4.7427,23.4864,7.8061,4.0505,0.6149,2.2618,22.5076,0.137
5/3/1962,31.8838,28.4915,4.7527,23.5382,7.8214,4.0625,0.6145,2.27,22.5451,0.1375
6/3/1962,31.8144,28.4617,4.7381,23.4568,7.7868,4.0535,0.6115,2.2664,22.4155,0.1371
7/3/1962,31.8709,28.5397,4.7452,23.4948,7.7974,4.0613,0.6113,2.2704,22.4163,0.1374
8/3/1962,31.8257,28.5643,4.7302,23.3994,7.7775,4.0564,0.6101,2.252,22.3111,0.1372
11/3/1962,31.7064,28.5518,4.714,23.3286,7.7563,4.0409,0.6084,2.2261,22.2839,0.1367
12/3/1962,31.6667,28.4235,4.7098,23.3476,7.7615,4.0347,0.608,2.2335,22.3634,0.1365
13/3/1962,31.6474,28.454,4.7152,23.3384,7.7467,4.0324,0.6017,2.2258,22.3308,0.1365
14/3/1962,31.6549,28.4007,4.7158,23.3858,7.7483,4.0338,0.6015,2.2278,22.3545,0.1365
15/3/1962,31.7465,28.4026,4.7196,23.4246,7.7623,4.0451,0.6035,2.2321,22.4664,0.1369
18/3/1962,31.666,28.3843,4.7146,23.4084,7.746,4.035,0.602,2.2314,22.4367,0.1365
19/3/1962,31.6566,28.4448,4.7134,23.4445,7.766,4.0337,0.6013,2.2351,22.4663,0.1365
20/3/1962,31.7085,28.408,4.7197,23.4577,7.782,4.04,0.6005,2.243,22.4059,0.1366
21/3/1962,31.6423,28.595,4.7323,23.5059,7.7976,4.0328,0.6005,2.2552,22.6302,0.1364
22/3/1962,31.7178,28.6562,4.7311,23.5117,7.8148,4.0435,0.604,2.2618,22.5374,0.1367
25/3/1962,31.6049,28.767,4.7005,23.3778,7.7638,4.028,0.6025,2.2368,22.3392,0.1362
26/3/1962,31.5641,28.6553,4.7022,23.3941,7.7659,4.0222,0.6026,2.2434,22.4543,0.1361
27/3/1962,31.7067,28.6823,4.7171,23.4319,7.7775,4.039,0.6033,2.2462,22.5238,0.1367
28/3/1962,31.8778,28.9198,4.7303,23.5201,7.8219,4.0607,0.6054,2.2535,22.5816,0.1374
29/3/1962,31.8117,28.7206,4.722,23.4711,7.8004,4.0527,0.6049,2.2432,22.5352,0.1371
1/4/1962,31.6947,28.5251,4.7204,23.4159,7.7777,4.0375,0.6048,2.2408,22.5409,0.1366
2/4/1962,31.7363,28.4912,4.7197,23.4146,7.7736,4.0434,0.6047,2.2437,22.4911,0.1368
3/4/1962,31.7541,28.4942,4.7248,23.4572,7.7836,4.0462,0.6077,2.2441,22.5189,0.1369
4/4/1962,31.7507,28.4927,4.7282,23.4744,7.7867,4.0462,0.6102,2.2487,22.5967,0.1369
5/4/1962,31.8448,28.5076,4.7398,23.5208,7.8045,4.0586,0.6102,2.2659,22.647,0.1373
9/4/1962,31.856,28.608,4.7414,23.531,7.779,4.0615,0.6117,2.2665,22.6873,0.1373
10/4/1962,31.8166,28.6122,4.7341,23.5055,7.7658,4.061,0.612,2.2674,22.6404,0.1372
11/4/1962,31.7691,28.5967,4.729,23.4883,7.7269,4.0529,0.6133,2.2628,22.7389,0.137
12/4/1962,31.8309,28.4778,4.7316,23.4775,7.7279,4.0588,0.614,2.2681,22.6717,0.1373
17/4/1962,31.803,28.3989,4.7419,23.4936,7.6847,4.055,0.6154,2.2692,22.8264,0.1371
18/4/1962,31.7956,28.4036,4.7524,23.5041,7.6766,4.0535,0.6159,2.2775,22.8004,0.1371
19/4/1962,31.8098,28.4134,4.7417,23.4729,7.6912,4.0557,0.6157,2.2811,22.7255,0.1371
22/4/1962,31.8613,28.4579,4.7482,23.5017,7.7061,4.0618,0.6152,2.278,22.7294,0.1373
23/4/1962,31.8978,28.5243,4.7488,23.5268,7.7254,4.0663,0.6146,2.2768,22.7025,0.1374
24/4/1962,32.0001,28.5948,4.7559,23.5654,7.7482,4.0809,0.6149,2.2836,22.5614,0.1378
25/4/1962,32.0574,28.608,4.7617,23.5286,7.7542,4.0875,0.6136,2.2782,22.4716,0.1381
26/4/1962,32.0124,28.6579,4.7485,23.5147,7.7497,4.0816,0.6148,2.2723,22.4626,0.1379
29/4/1962,31.9041,28.5761,4.7352,23.4352,7.7224,4.0682,0.6132,2.2716,22.474,0.137
30/4/1962,31.9338,28.6282,4.7377,23.4485,7.7271,4.0721,0.6137,2.2603,22.4777,0.1371
2/5/1962,31.9612,28.6531,4.7428,23.4952,7.7289,4.0748,0.6184,2.2616,22.4287,0.1373
3/5/1962,32.03,28.7392,4.7512,23.5039,7.7362,4.0847,0.6175,2.2616,22.3831,0.1377
7/5/1962,31.9071,28.8219,4.7077,23.4177,7.6965,4.0682,0.616,2.2449,22.3276,0.1371
8/5/1962,31.8391,28.9249,4.6935,23.3875,7.6757,4.0574,0.6135,2.2382,22.3312,0.1367
9/5/1962,31.8034,28.9226,4.6718,23.3369,7.6642,4.053,0.6096,2.2276,22.1681,0.1361
10/5/1962,31.6637,28.8187,4.6405,23.2358,7.6258,4.0353,0.6079,2.2218,22.1493,0.1353
13/5/1962,31.6346,28.8135,4.6109,23.1784,7.6028,4.0311,0.6053,2.2161,22.0589,0.1355
14/5/1962,31.5644,28.8097,4.5834,23.0646,7.5722,4.0226,0.6044,2.1917,21.9279,0.1353
15/5/1962,31.542,28.7643,4.5787,23.0523,7.5631,4.0196,0.6031,2.1953,21.8439,0.1349
16/5/1962,31.5493,28.81,4.5773,23.0562,7.5708,4.0203,0.6031,2.1838,21.7922,0.1353
17/5/1962,31.7026,28.8581,4.5856,23.0884,7.6002,4.039,0.604,2.1966,21.8183,0.136
21/5/1962,31.8537,28.913,4.6042,23.158,7.6188,4.0596,0.606,2.2134,21.9712,0.1361
22/5/1962,31.9799,28.9455,4.6205,23.2,7.6423,4.0767,0.6106,2.2154,21.9917,0.1367
23/5/1962,31.9635,28.9901,4.617,23.1654,7.627,4.0724,0.6096,2.216,21.9422,0.1368
24/5/1962,31.8884,29.0893,4.6076,23.1224,7.61,4.0641,0.6087,2.2169,21.9549,0.1364
27/5/1962,31.7794,29.0293,4.6049,23.1403,7.5945,4.05,0.6109,2.2214,22.0062,0.1359
28/5/1962,31.8129,29.0446,4.6014,23.1134,7.5939,4.0549,0.6096,2.2248,22.0129,0.1361
29/5/1962,31.8417,29.1324,4.601,23.0771,7.596,4.0583,0.6091,2.2175,22.0448,0.1361
30/5/1962,31.7998,29.0154,4.5934,23.0534,7.5833,4.0523,0.6091,2.2207,22.0016,0.1359
31/5/1962,31.7553,29.0868,4.5901,23.0363,7.5714,4.0495,0.6096,2.2254,21.9376,0.1356
4/6/1962,31.35,29.0462,4.5352,22.9252,7.5071,4.0023,0.6062,2.2037,21.8357,0.134
5/6/1962,31.3943,29.0461,4.536,23.0021,7.5229,4.0047,0.6072,2.2108,21.9464,0.1342
6/6/1962,31.3969,28.9835,4.5362,22.9815,7.5239,4.0053,0.6075,2.2123,21.847,0.1341
7/6/1962,31.3352,28.8781,4.5263,22.9596,7.5374,3.9969,0.6065,2.205,21.8307,0.1339
10/6/1962,31.3367,28.8651,4.5195,22.9594,7.5342,3.9992,0.6024,2.2164,21.8479,0.134
11/6/1962,31.3285,28.8375,4.522,22.9503,7.5257,3.9973,0.6032,2.2154,21.7775,0.1341
12/6/1962,31.253,28.8141,4.5161,22.9215,7.5118,3.994,0.6024,2.2053,21.7231,0.1339
13/6/1962,31.2401,28.8199,4.5103,22.8736,7.5073,3.9952,0.6016,2.1966,21.6049,0.134
14/6/1962,31.2064,28.806,4.503,22.8274,7.4909,3.988,0.6022,2.1941,21.5223,0.1338
17/6/1962,31.2465,28.7611,4.5108,22.8037,7.4858,3.994,0.6011,2.1876,21.4754,0.134
18/6/1962,31.3505,28.9117,4.522,22.8774,7.5011,4.0042,0.6021,2.1982,21.4448,0.1343
19/6/1962,31.2471,28.7924,4.5254,22.8588,7.4867,3.9944,0.603,2.2009,21.4826,0.1339
20/6/1962,31.0535,28.8492,4.5109,22.8384,7.4723,3.9739,0.6005,2.1934,21.3893,0.1332
21/6/1962,30.8396,28.7501,4.4987,22.7523,7.4278,3.9533,0.6007,2.1917,21.3575,0.1324
24/6/1962,30.7904,28.6812,4.4792,22.7419,7.4323,3.944,0.5991,2.1928,21.4048,0.1322
25/6/1962,30.6816,28.6375,4.4604,22.684,7.409,3.9334,0.5983,2.1817,21.3213,0.1317
26/6/1962,30.818,28.6911,4.4739,22.7477,7.4257,3.9489,0.5992,2.1853,21.4581,0.1323
27/6/1962,30.7514,28.5033,4.4683,22.7081,7.4124,3.9385,0.5994,2.1834,21.4965,0.132
28/6/1962,30.7443,28.5514,4.4719,22.7261,7.4291,3.9386,0.6013,2.1894,21.5368,0.1319
1/7/1962,30.6119,28.2787,4.4685,22.6189,7.409,3.922,0.599,2.1773,21.4145,0.1314
2/7/1962,30.717,28.3255,4.4753,22.6508,7.4209,3.9347,0.6014,2.1816,21.4073,0.1321
3/7/1962,30.5767,28.4219,4.4419,22.5556,7.3888,3.9235,0.5982,2.1752,21.3808,0.1316
4/7/1962,30.609,28.3897,4.4479,22.5852,7.4064,3.9321,0.6001,2.1814,21.5156,0.1317
5/7/1962,30.6863,28.4514,4.4602,22.6301,7.4228,3.9405,0.6009,2.1817,21.5546,0.132
8/7/1962,30.7809,28.3834,4.4638,22.6229,7.4332,3.9482,0.6009,2.1885,21.4744,0.1325
9/7/1962,30.819,28.3185,4.4757,22.6581,7.4429,3.9519,0.6013,2.1904,21.4448,0.1326
10/7/1962,30.8441,28.3158,4.4747,22.646,7.4496,3.9493,0.6009,2.1873,21.3311,0.1328
11/7/1962,30.6192,28.3401,4.4555,22.5809,7.423,3.9179,0.5985,2.184,21.3077,0.1319
12/7/1962,30.7845,28.3941,4.477,22.6698,7.4919,3.9371,0.6023,2.197,21.4901,0.1327
15/7/1962,30.9065,28.6225,4.4924,22.7672,7.5228,3.9491,0.6057,2.2262,21.681,0.1332
17/7/1962,30.901,28.5638,4.4901,22.7367,7.5134,3.9564,0.6074,2.2255,21.6632,0.1332
18/7/1962,30.8676,28.6458,4.4884,22.694,7.5083,3.9515,0.6055,2.2202,21.6378,0.1331
19/7/1962,30.774,28.5981,4.4728,22.6734,7.4893,3.94,0.6049,2.2181,21.7356,0.1326
22/7/1962,30.8463,28.5747,4.4834,22.6626,7.5003,3.9539,0.6046,2.2199,21.7103,0.1327
23/7/1962,30.8845,28.576,4.4856,22.6682,7.5047,3.9554,0.6044,2.221,21.678,0.1331
24/7/1962,30.9192,28.5627,4.4887,22.6438,7.5058,3.9586,0.604,2.2203,21.5646,0.1333
25/7/1962,30.9089,28.5701,4.4951,22.6512,7.5082,3.9559,0.6056,2.2222,21.5531,0.1332
26/7/1962,30.9752,28.5109,4.5037,22.6488,7.5216,3.9651,0.606,2.2226,21.5056,0.1335
30/7/1962,30.8379,28.3391,4.4741,22.5103,7.4773,3.9428,0.6054,2.2101,21.2605,0.1329
31/7/1962,30.7965,28.3737,4.4716,22.4724,7.4619,3.9366,0.6061,2.2048,21.1646,0.1328
1/8/1962,30.8607,28.2541,4.4728,22.4333,7.4508,3.9453,0.6058,2.1957,21.115,0.1329
2/8/1962,30.8713,28.8119,4.4473,22.4518,7.4329,3.9494,0.6023,2.1842,21.0099,0.1331
5/8/1962,30.8276,29.0636,4.3935,22.3278,7.3933,3.9375,0.5957,2.1791,20.8618,0.1328
6/8/1962,30.7995,28.9791,4.3597,22.2729,7.3545,3.9288,0.5925,2.1623,20.8682,0.1324
7/8/1962,30.7706,28.9771,4.3584,22.2524,7.3402,3.9266,0.5906,2.171,20.6924,0.1323
8/8/1962,30.771,28.9702,4.3572,22.2635,7.3544,3.9254,0.5899,2.178,20.7935,0.1326
9/8/1962,30.7251,29.0089,4.3497,22.2348,7.3437,3.9195,0.5928,2.1815,20.923,0.1323
13/8/1962,30.7966,29.2112,4.3519,22.2063,7.3517,3.9264,0.5914,2.1729,20.8016,0.1328
14/8/1962,30.813,28.9739,4.3799,22.2551,7.3611,3.9278,0.5913,2.1766,20.9226,0.1328
15/8/1962,30.8491,29.1106,4.385,22.2153,7.3581,3.9368,0.5888,2.1768,20.8549,0.133
16/8/1962,30.8812,29.082,4.384,22.2498,7.3806,3.9406,0.5889,2.181,20.9294,0.1331
19/8/1962,30.8637,29.017,4.3792,22.28,7.3963,3.937,0.5908,2.1888,20.9033,0.133
20/8/1962,30.829,28.9256,4.3654,22.2426,7.3742,3.9308,0.5892,2.1815,20.8436,0.1329
21/8/1962,30.7914,28.9306,4.3607,22.2439,7.3817,3.9271,0.5897,2.1777,20.8737,0.1327
22/8/1962,30.7863,28.8893,4.3529,22.241,7.3688,3.9272,0.5907,2.1807,20.833,0.1327
23/8/1962,30.7786,28.8752,4.3387,22.2028,7.3481,3.9266,0.5895,2.1793,20.7788,0.1327
26/8/1962,30.6379,29.0885,4.2894,22.0591,7.2842,3.9075,0.5842,2.1614,20.6139,0.1321
27/8/1962,30.5842,28.9093,4.2694,22.0258,7.2739,3.8994,0.5847,2.1632,20.6706,0.1313
28/8/1962,30.6463,28.9654,4.2786,22.0671,7.2867,3.9068,0.5875,2.1643,20.6648,0.1321
29/8/1962,30.6324,28.9063,4.271,22.0591,7.2607,3.906,0.5855,2.1677,20.5936,0.132
30/8/1962,30.6443,28.8058,4.2856,22.0692,7.2627,3.9072,0.5886,2.1676,20.5769,0.1321
2/9/1962,30.627,28.8438,4.276,22.0468,7.286,3.9068,0.5883,2.1716,20.5862,0.1321
3/9/1962,30.654,28.8339,4.2682,22.0061,7.2589,3.9088,0.5875,2.169,20.5396,0.1322
4/9/1962,30.602,28.8636,4.2676,22.0258,7.2651,3.9026,0.5872,2.1726,20.7057,0.132
5/9/1962,30.5621,28.6755,4.2815,22.0851,7.2908,3.8983,0.5903,2.1741,20.7949,0.1318
6/9/1962,30.6563,28.6374,4.2904,22.1512,7.3313,3.9119,0.5903,2.1809,20.884,0.1322
9/9/1962,30.6554,28.6691,4.3049,22.1964,7.3362,3.9099,0.5916,2.1884,20.9731,0.1322
10/9/1962,30.6522,28.5304,4.3087,22.2074,7.3488,3.9105,0.5915,2.1933,21.0144,0.1322
11/9/1962,30.6214,28.4468,4.3044,22.1955,7.334,3.906,0.5888,2.1896,20.9857,0.132
12/9/1962,30.5097,28.2366,4.3004,22.1549,7.3145,3.896,0.588,2.1808,20.9552,0.1315
13/9/1962,30.4369,28.1303,4.3051,22.1443,7.3077,3.8916,0.5879,2.1902,20.8828,0.1312
16/9/1962,30.5094,28.3094,4.3153,22.1996,7.3281,3.8983,0.5853,2.1855,20.9413,0.1315
17/9/1962,30.5617,28.2493,4.3195,22.2099,7.3199,3.9091,0.5848,2.1825,20.9255,0.1317
18/9/1962,30.5333,28.2214,4.3075,22.2076,7.305,3.9014,0.5857,2.1868,20.9025,0.1315
19/9/1962,30.5708,28.2642,4.3094,22.1919,7.2911,3.9059,0.5858,2.1866,20.7746,0.1317
20/9/1962,30.5012,28.2727,4.3012,22.1476,7.2945,3.8941,0.5851,2.1823,20.7028,0.1314
23/9/1962,30.4792,28.2827,4.2883,22.1462,7.3074,3.8891,0.5867,2.1843,20.6254,0.1314
24/9/1962,30.508,28.3466,4.2852,22.143,7.3038,3.893,0.5854,2.1753,20.6327,0.1315
25/9/1962,30.5714,28.5057,4.2958,22.2146,7.3067,3.8998,0.5854,2.171,20.7299,0.1318
26/9/1962,30.6053,28.4195,4.2925,22.1973,7.2985,3.9041,0.5869,2.1746,20.6439,0.1319
27/9/1962,30.6377,28.4296,4.2975,22.1701,7.3117,3.9084,0.5884,2.1698,20.6797,0.1321
30/9/1962,30.5919,28.3443,4.2932,22.1459,7.3079,3.9037,0.5917,2.168,20.6583,0.1319
1/10/1962,30.6045,28.2845,4.2815,22.1251,7.3065,3.9051,0.5913,2.1666,20.5957,0.1319
2/10/1962,30.6354,28.4319,4.2848,22.1212,7.3127,3.9078,0.5905,2.1695,20.5488,0.1321
3/10/1962,30.6103,28.5706,4.2835,22.128,7.3055,3.9045,0.5901,2.1687,20.5346,0.1319
4/10/1962,30.4941,28.5504,4.2731,22.1132,7.2918,3.8894,0.5901,2.1683,20.5803,0.1315
7/10/1962,30.4436,28.5027,4.2636,22.0583,7.2676,3.8821,0.5881,2.1667,20.5422,0.1313
8/10/1962,30.4716,28.3792,4.2717,22.0742,7.2699,3.8854,0.5887,2.1678,20.5145,0.1314
9/10/1962,30.3534,28.3386,4.2468,21.9699,7.2347,3.871,0.586,2.1551,20.4384,0.1309
10/10/1962,30.3064,28.2039,4.2551,21.9774,7.2305,3.8647,0.5868,2.1531,20.4035,0.1305
11/10/1962,30.4241,28.1668,4.2813,22.1361,7.2705,3.8802,0.5909,2.1672,20.5643,0.1312
15/10/1962,30.3935,28.0456,4.2984,22.2063,7.2621,3.8753,0.5904,2.1659,20.5793,0.131
16/10/1962,30.4073,27.9861,4.2873,22.1688,7.2533,3.8766,0.5893,2.1585,20.4711,0.1311
17/10/1962,30.3634,27.9107,4.2765,22.1728,7.2495,3.872,0.5906,2.1584,20.5793,0.1309
18/10/1962,30.2942,27.8845,4.2799,22.2041,7.2435,3.8632,0.5909,2.159,20.6804,0.1306
21/10/1962,30.2763,27.905,4.2807,22.2134,7.2388,3.8619,0.592,2.1602,20.7459,0.1305
22/10/1962,30.2786,27.8651,4.2817,22.2505,7.2428,3.8614,0.5932,2.1668,20.7922,0.1305
24/10/1962,30.2807,27.8784,4.2861,22.2371,7.2368,3.8642,0.594,2.1758,20.7155,0.1305
25/10/1962,30.2344,27.8329,4.2775,22.1755,7.2242,3.8589,0.591,2.1624,20.6076,0.1303
28/10/1962,30.2115,27.7824,4.2792,22.1664,7.2202,3.8546,0.5913,2.1706,20.5805,0.1302
29/10/1962,30.228,27.7395,4.2804,22.1833,7.2286,3.8569,0.5929,2.1682,20.6686,0.1303
30/10/1962,30.223,27.7621,4.277,22.1855,7.2245,3.8562,0.593,2.1715,20.7364,0.1303
31/10/1962,30.1829,27.7696,4.2839,22.1843,7.2274,3.8529,0.595,2.1693,20.868,0.1301
1/11/1962,30.1653,27.9331,4.2812,22.1903,7.2248,3.8497,0.595,2.1661,20.7959,0.1301
4/11/1962,30.1671,27.8671,4.2874,22.2332,7.2611,3.8493,0.5976,2.1722,20.8297,0.1301
5/11/1962,30.2056,27.7806,4.2992,22.2319,7.2792,3.8546,0.5986,2.1719,20.782,0.1302
6/11/1962,30.2531,27.7422,4.3198,22.2777,7.3185,3.8634,0.6,2.1802,20.8418,0.1304
7/11/1962,30.3122,27.8576,4.3241,22.2944,7.3159,3.8746,0.6004,2.1745,20.812,0.1307
8/11/1962,30.4076,27.8364,4.3566,22.3878,7.365,3.888,0.6031,2.1841,20.9216,0.1311
11/11/1962,30.3534,27.8254,4.3395,22.3152,7.3349,3.8774,0.6006,2.1751,20.7897,0.1309
12/11/1962,30.339,27.8059,4.3298,22.2993,7.3244,3.8766,0.5981,2.1737,20.7505,0.1308
13/11/1962,30.3144,27.8076,4.3185,22.2553,7.3008,3.8728,0.5968,2.1684,20.7353,0.1307
14/11/1962,30.226,27.7865,4.3052,22.1792,7.2712,3.8622,0.5952,2.1597,20.5595,0.1303
15/11/1962,30.1981,27.8126,4.307,22.1924,7.2799,3.8588,0.5974,2.1615,20.5113,0.1302
18/11/1962,30.2489,27.7966,4.3137,22.2322,7.2856,3.8641,0.5986,2.1648,20.5877,0.1304
19/11/1962,30.196,27.809,4.2951,22.1894,7.2579,3.8586,0.5956,2.1634,20.4913,0.1302
20/11/1962,30.184,27.8179,4.293,22.1742,7.2563,3.8568,0.5933,2.1596,20.5587,0.1301
21/11/1962,30.1914,27.8467,4.2861,22.1618,7.2337,3.8579,0.5931,2.1609,20.4851,0.1302
22/11/1962,30.2103,27.803,4.2944,22.1793,7.2502,3.8621,0.5959,2.1639,20.5017,0.1303
25/11/1962,30.2068,27.7648,4.2942,22.1512,7.234,3.8608,0.5953,2.1595,20.5084,0.1303
26/11/1962,30.233,27.7305,4.2996,22.1534,7.2325,3.8638,0.5972,2.1667,20.4735,0.1303
27/11/1962,30.2264,27.7018,4.3005,22.1452,7.2322,3.8622,0.5954,2.166,20.4997,0.1304
28/11/1962,30.2404,27.6456,4.3042,22.1437,7.2484,3.8636,0.5959,2.1626,20.456,0.1304
29/11/1962,30.2264,27.6103,4.2984,22.1314,7.2453,3.8622,0.5964,2.1601,20.445,0.1303
2/12/1962,30.2226,27.5561,4.2979,22.1018,7.2358,3.8621,0.5954,2.1569,20.4408,0.1304
3/12/1962,30.2745,27.7465,4.2995,22.1608,7.2549,3.8675,0.5935,2.1613,20.6314,0.1307
4/12/1962,30.284,27.8982,4.2844,22.1986,7.2468,3.8696,0.5934,2.159,20.6826,0.1307
6/12/1962,30.3527,27.9147,4.3072,22.3134,7.2889,3.8777,0.5985,2.1767,20.7406,0.1311
9/12/1962,30.3476,27.9471,4.3136,22.3097,7.2932,3.8779,0.5976,2.1855,20.7195,0.131
11/12/1962,30.3014,27.8711,4.307,22.296,7.2825,3.8752,0.5979,2.1744,20.6389,0.1308
12/12/1962,30.2024,27.8318,4.2945,22.2689,7.2723,3.8711,0.5959,2.1645,20.7731,0.1303
13/12/1962,30.1746,27.5546,4.3273,22.3189,7.29,3.8681,0.5974,2.1746,20.8763,0.1303
16/12/1962,30.202,27.6106,4.3172,22.3002,7.296,3.8764,0.5972,2.1699,20.7571,0.1304
17/12/1962,30.228,27.5936,4.3205,22.311,7.2995,3.8816,0.5982,2.1692,20.7375,0.1305
18/12/1962,30.2419,27.6308,4.318,22.3114,7.3012,3.886,0.5985,2.1741,20.7017,0.1305
19/12/1962,30.2193,27.577,4.3171,22.2957,7.2994,3.8806,0.598,2.1744,20.7522,0.1304
20/12/1962,30.1981,27.6232,4.3094,22.2839,7.2951,3.874,0.5972,2.1788,20.8067,0.1304
23/12/1962,30.1837,27.5834,4.3071,22.2655,7.2911,3.8736,0.5953,2.1761,20.824,0.1303
24/12/1962,30.173,27.5875,4.3043,22.2589,7.2881,3.875,0.5939,2.1754,20.8654,0.1302
25/12/1962,30.1582,27.5636,4.3053,22.2592,7.2927,3.873,0.594,2.1787,20.8356,0.1301
26/12/1962,30.1595,27.5392,4.3147,22.2664,7.2915,3.873,0.595,2.1734,20.8703,0.1301
27/12/1962,30.1651,27.5589,4.312,22.2843,7.3032,3.8741,0.5943,2.1764,20.9516,0.1302
30/12/1962,30.154,27.594,4.3147,22.3245,7.3222,3.8732,0.5946,2.1732,21.0492,0.1302
2/1/1963,30.1071,27.6996,4.3223,22.379,7.3637,3.865,0.5957,2.1797,21.0963,0.13
3/1/1963,30.151,27.8563,4.3284,22.372,7.3671,3.8738,0.5944,2.1817,21.0212,0.1301
6/1/1963,30.1513,27.912,4.3272,22.3395,7.3423,3.8778,0.5901,2.1748,20.9263,0.1301
7/1/1963,30.1481,27.8065,4.3284,22.3527,7.3554,3.8804,0.5925,2.1786,20.8759,0.1301
8/1/1963,30.2832,28.003,4.3563,22.416,7.3715,3.897,0.593,2.1907,20.7877,0.1307
9/1/1963,30.2986,27.7396,4.3687,22.448,7.4083,3.8985,0.5998,2.1995,20.8064,0.1308
10/1/1963,30.2698,27.6304,4.3656,22.4103,7.4114,3.8992,0.598,2.2045,20.7537,0.1307
13/1/1963,30.1919,27.5473,4.3706,22.4159,7.4295,3.8892,0.599,2.2165,20.8439,0.1303
14/1/1963,30.2578,27.4878,4.397,22.474,7.4549,3.8942,0.6004,2.2258,20.8424,0.1306
15/1/1963,30.2598,27.5281,4.3904,22.4596,7.4198,3.8922,0.5982,2.2225,20.8624,0.1306
16/1/1963,30.2818,27.5392,4.3953,22.4973,7.4456,3.8999,0.598,2.2274,20.9064,0.1307
17/1/1963,30.4533,27.6499,4.4312,22.6202,7.4976,3.9225,0.5991,2.2413,20.9902,0.1314
20/1/1963,30.3986,27.5934,4.4336,22.5717,7.497,3.918,0.5981,2.24,20.9014,0.1312
21/1/1963,30.3611,27.5957,4.4081,22.5176,7.469,3.9094,0.596,2.2378,20.8344,0.1311
22/1/1963,30.3985,27.6477,4.4002,22.5191,7.4584,3.916,0.5971,2.2401,20.7813,0.1312
23/1/1963,30.4445,27.7766,4.3984,22.5722,7.4872,3.9206,0.5979,2.2449,20.8979,0.1314
24/1/1963,30.5098,27.8616,4.3985,22.5984,7.5002,3.9267,0.5992,2.2564,20.8839,0.1317
27/1/1963,30.6592,28.1253,4.4126,22.6466,7.545,3.9464,0.6037,2.2658,20.8691,0.1323
28/1/1963,30.7747,28.2472,4.4227,22.6711,7.5423,3.9578,0.6063,2.2705,20.782,0.1328
29/1/1963,30.8701,28.2865,4.4434,22.7394,7.5679,3.9734,0.6084,2.2747,20.873,0.1332
30/1/1963,31.1639,28.615,4.4751,22.8665,7.6271,4.013,0.6124,2.2936,20.9812,0.1345
31/1/1963,31.1307,28.5475,4.4743,22.863,7.6192,4.0075,0.6116,2.2876,20.8837,0.1343
3/2/1963,31.1832,28.7361,4.4551,22.81,7.5935,4.0185,0.6133,2.2804,20.8786,0.1343
4/2/1963,31.0189,28.5414,4.427,22.6264,7.5362,3.9973,0.611,2.2747,20.7718,0.1334
5/2/1963,31.0926,28.4187,4.4404,22.5729,7.5528,4.0075,0.6119,2.2764,20.9172,0.1338
6/2/1963,31.082,28.3008,4.46,22.4501,7.5439,4.008,0.6121,2.2815,20.9945,0.1339
7/2/1963,31.1791,28.3838,4.4688,22.504,7.5489,4.018,0.6141,2.2902,20.9409,0.1343
11/2/1963,31.2069,28.411,4.4736,22.4906,7.541,4.0221,0.6155,2.2883,20.9146,0.1342
12/2/1963,31.1666,28.3736,4.474,22.4807,7.5442,4.0154,0.617,2.2887,20.9643,0.1341
13/2/1963,31.1506,28.3474,4.4645,22.4474,7.5257,4.0109,0.6163,2.2857,20.9208,0.134
14/2/1963,31.1532,28.3758,4.4626,22.4179,7.5235,4.0144,0.6184,2.2837,20.9204,0.1341
17/2/1963,31.1749,28.395,4.4668,22.424,7.5353,4.0168,0.6178,2.2855,20.9498,0.1342
18/2/1963,31.2205,28.4536,4.4663,22.4531,7.5285,4.0224,0.6179,2.2922,20.8949,0.1344
19/2/1963,31.1894,28.3621,4.4536,22.4091,7.5034,4.0158,0.6174,2.2879,20.8444,0.1342
20/2/1963,31.3077,28.1237,4.4617,22.3827,7.4946,4.0308,0.6188,2.2883,20.8155,0.1348
21/2/1963,31.59,28.2089,4.4903,22.56,7.5387,4.0606,0.6229,2.3067,20.8575,0.136
24/2/1963,31.7275,28.4375,4.508,22.6391,7.5245,4.074,0.6229,2.2997,20.9501,0.1365
25/2/1963,31.6443,28.5372,4.5084,22.6563,7.5021,4.0648,0.621,2.287,20.9148,0.1361
26/2/1963,31.8486,28.8894,4.5356,22.7599,7.5155,4.0893,0.6232,2.2914,20.9833,0.1369
27/2/1963,31.814,28.8528,4.5308,22.7762,7.5449,4.0837,0.6241,2.2865,20.8398,0.1369
28/2/1963,31.6225,28.9704,4.5111,22.6451,7.5016,4.0565,0.6221,2.2442,20.7032,0.1361
2/3/1963,31.3965,29.0664,4.5013,22.5855,7.4733,4.0344,0.6182,2.1876,20.4774,0.1351
3/3/1963,31.5024,29.1727,4.5203,22.6501,7.4954,4.0485,0.6215,2.2214,20.554,0.1356
4/3/1963,31.3779,29.2483,4.5194,22.6188,7.5004,4.0406,0.6187,2.2192,20.7024,0.1351
5/3/1963,31.4368,29.2822,4.533,22.6902,7.5452,4.0474,0.621,2.2265,20.7918,0.1355
6/3/1963,31.5891,29.8166,4.5438,22.8186,7.5554,4.0655,0.6232,2.2236,20.8495,0.1361
9/3/1963,31.4907,30.6277,4.541,22.7829,7.4907,4.0549,0.6222,2.1994,20.5623,0.1357
10/3/1963,31.4158,30.3045,4.5257,22.6812,7.4337,4.0454,0.6229,2.1944,20.6392,0.1356
11/3/1963,31.4845,30.0486,4.5255,22.645,7.4304,4.0546,0.6239,2.2043,20.4782,0.1359
12/3/1963,31.5474,30.4177,4.5219,22.5653,7.423,4.0621,0.6211,2.1855,20.3839,0.1361
13/3/1963,31.9309,30.3393,4.5542,22.6434,7.4494,4.1099,0.6246,2.1719,20.095,0.1377
16/3/1963,31.956,29.9124,4.56,22.5311,7.4404,4.1195,0.6256,2.1592,19.6529,0.1377
17/3/1963,32.1331,30.134,4.5886,22.6276,7.4368,4.1386,0.6234,2.1516,19.6279,0.1384
18/3/1963,32.3026,30.1445,4.599,22.6075,7.4139,4.1626,0.6296,2.1342,19.3818,0.139
19/3/1963,32.6329,29.9623,4.6085,22.5297,7.4251,4.2054,0.6376,2.1088,18.4341,0.1402
20/3/1963,32.5161,29.4885,4.581,22.4346,7.3928,4.191,0.638,2.0366,19.0316,0.1389
23/3/1963,32.9394,29.8983,4.6299,22.6126,7.4319,4.2493,0.6439,2.0009,18.9553,0.1404
24/3/1963,32.8736,29.7823,4.6353,22.5925,7.4202,4.2407,0.6446,1.9991,19.4604,0.1397
25/3/1963,32.8379,29.5677,4.6424,22.6887,7.4464,4.2375,0.6449,1.9972,19.6517,0.1393
26/3/1963,32.7882,29.6301,4.6073,22.6362,7.4937,4.2304,0.6433,2.016,19.3736,0.1389
27/3/1963,32.4561,29.8835,4.5849,22.7041,7.5762,4.1874,0.6403,2.0196,19.7391,0.1374
30/3/1963,32.647,30.3417,4.5969,22.8797,7.5125,4.214,0.6396,2.0165,20.05,0.1382
31/3/1963,32.6712,30.108,4.6026,22.9416,7.5813,4.2164,0.643,2.0137,20.1546,0.1382
1/4/1963,32.8852,30.5705,4.6372,23.0737,7.6211,4.2449,0.6473,2.0142,20.1078,0.1393
2/4/1963,33.0903,30.8027,4.6514,23.0707,7.5642,4.2741,0.6513,2.0089,20.1363,0.1403
3/4/1963,32.9039,30.475,4.6367,22.9875,7.55,4.2457,0.65,2.0084,19.936,0.1395
7/4/1963,32.8187,30.1466,4.6343,22.9586,7.5521,4.2378,0.6488,2.0108,20.091,0.14
8/4/1963,32.8125,30.1602,4.6455,23.0016,7.5409,4.2348,0.6493,2.0315,20.1406,0.1399
9/4/1963,32.776,30.0868,4.6381,23.0005,7.5577,4.2297,0.6492,2.0391,20.4028,0.1391
10/4/1963,32.6857,30.1242,4.6408,23.0992,7.5754,4.2187,0.6482,2.0673,20.6644,0.1392
13/4/1963,32.7431,30.3025,4.6467,23.1213,7.5805,4.2253,0.6483,2.0837,20.7493,0.1397
14/4/1963,32.7534,30.4421,4.6505,23.153,7.577,4.2271,0.6482,2.0983,20.9922,0.1398
15/4/1963,32.6179,30.4483,4.6228,23.0559,7.5325,4.2118,0.645,2.0914,20.8651,0.139
16/4/1963,32.7085,30.3668,4.6233,22.9237,7.4913,4.2204,0.6448,2.0999,20.5884,0.1395
17/4/1963,32.5173,30.1824,4.5979,22.8556,7.4589,4.198,0.6405,2.1005,20.6631,0.1387
20/4/1963,32.493,30.1416,4.5919,22.835,7.4177,4.1961,0.6394,2.1091,20.6186,0.1387
21/4/1963,32.5571,30.2481,4.5929,22.8485,7.4217,4.2015,0.6418,2.1058,20.5317,0.1388
22/4/1963,32.4994,30.1677,4.5824,22.74,7.3963,4.1957,0.6401,2.1005,20.4992,0.1385
23/4/1963,32.3449,30.0271,4.5622,22.675,7.4207,4.1757,0.639,2.0948,20.4302,0.1378
24/4/1963,32.4311,30.1223,4.5771,22.7404,7.4313,4.1856,0.6401,2.105,20.5866,0.1381
27/4/1963,32.46,30.2199,4.5855,22.8457,7.4525,4.1917,0.6406,2.1139,20.8661,0.1381
28/4/1963,32.492,30.2962,4.5857,22.8862,7.4485,4.1942,0.6422,2.1129,20.971,0.1385
29/4/1963,32.4251,30.4104,4.5811,22.9137,7.4419,4.1855,0.6415,2.1189,21.1418,0.1383
30/4/1963,32.3781,30.3622,4.585,22.9536,7.4899,4.179,0.6434,2.1418,21.1853,0.1382
5/5/1963,32.3794,30.3768,4.5674,22.8922,7.5119,4.1766,0.6409,2.1595,20.88,0.1381
7/5/1963,32.446,30.5226,4.5678,22.8505,7.5036,4.1888,0.6422,2.1674,20.8069,0.1385
8/5/1963,32.2756,30.3595,4.5578,22.8579,7.4875,4.1652,0.64,2.1669,21.05,0.1378
11/5/1963,32.165,30.0741,4.5411,22.779,7.4239,4.1505,0.6396,2.1643,21.0384,0.1376
12/5/1963,32.1648,29.9339,4.5292,22.6813,7.4081,4.1502,0.6399,2.1672,20.7896,0.1379
13/5/1963,32.0766,29.9262,4.5227,22.6339,7.3994,4.1405,0.6387,2.1678,20.7584,0.1375
14/5/1963,32.0917,30.0232,4.5199,22.6017,7.4032,4.1415,0.6383,2.1703,20.6536,0.1375
15/5/1963,32.0831,29.9096,4.5137,22.5319,7.3821,4.1396,0.6356,2.1692,20.7102,0.1373
18/5/1963,32.0469,29.8988,4.5018,22.4882,7.359,4.1363,0.6325,2.1753,20.6321,0.1372
19/5/1963,31.9403,29.7415,4.4913,22.5244,7.3478,4.1233,0.6298,2.1659,20.822,0.1369
20/5/1963,31.8824,29.5781,4.4905,22.519,7.3246,4.1151,0.6299,2.1692,20.8739,0.1369
21/5/1963,31.8558,29.5856,4.4843,22.5178,7.3265,4.112,0.6308,2.1762,20.9078,0.1369
22/5/1963,31.8665,29.6249,4.4685,22.4456,7.3154,4.1104,0.6288,2.1803,20.8547,0.1369
25/5/1963,31.9514,29.6744,4.4726,22.4165,7.3255,4.1214,0.6302,2.1834,20.8638,0.1373
26/5/1963,31.919,29.6005,4.4747,22.4522,7.3169,4.1185,0.6306,2.1771,20.9613,0.137
27/5/1963,31.8807,29.6386,4.4589,22.4944,7.3245,4.1134,0.6313,2.1782,21.1739,0.1367
28/5/1963,31.8806,29.5686,4.4459,22.4706,7.3223,4.1138,0.6294,2.1775,21.0994,0.1367
29/5/1963,31.845,29.6481,4.4492,22.4988,7.3216,4.1086,0.6299,2.182,21.1263,0.1367
1/6/1963,31.7433,29.5035,4.4532,22.5538,7.3408,4.0995,0.6305,2.18,21.3315,0.1364
2/6/1963,31.6022,29.3437,4.437,22.4801,7.3609,4.0808,0.6295,2.1879,21.4546,0.1359
4/6/1963,31.6129,29.0182,4.4399,22.591,7.4036,4.0821,0.6333,2.2484,21.8192,0.1359
5/6/1963,31.5064,28.8619,4.4389,22.5848,7.3864,4.0678,0.6321,2.2614,21.9191,0.1355
8/6/1963,31.4865,28.7641,4.449,22.6093,7.3793,4.0652,0.6322,2.2817,21.9658,0.1354
9/6/1963,31.3794,29.0319,4.4357,22.5728,7.3655,4.0491,0.6291,2.2672,21.8815,0.1349
10/6/1963,31.2252,29.0159,4.4184,22.5087,7.3157,4.0327,0.6265,2.247,21.752,0.1346
11/6/1963,30.9513,28.9284,4.3849,22.3473,7.2923,3.9983,0.6219,2.223,21.5345,0.1334
12/6/1963,31.075,29.0544,4.3906,22.3313,7.2811,4.0108,0.6195,2.2037,21.2365,0.1339
15/6/1963,31.0116,28.9269,4.3766,22.241,7.2517,4.0054,0.617,2.2072,21.1455,0.1337
16/6/1963,31.0598,28.9225,4.3922,22.3518,7.2797,4.0121,0.6196,2.2105,21.5382,0.1338
17/6/1963,31.1546,29.0437,4.3975,22.3535,7.2868,4.0228,0.6219,2.2197,21.4246,0.1342
18/6/1963,31.1377,29.1391,4.3976,22.3546,7.2793,4.02,0.6232,2.2206,21.3752,0.1342
19/6/1963,31.0323,29.0194,4.3849,22.2633,7.2526,4.0053,0.6199,2.2022,21.2716,0.1337
22/6/1963,30.9956,28.9998,4.3831,22.2028,7.25,4.003,0.62,2.2,21.2243,0.1335
23/6/1963,30.9917,28.9637,4.3817,22.2397,7.2476,4.001,0.6186,2.195,21.3817,0.1335
24/6/1963,30.8674,28.9736,4.3726,22.2407,7.2233,3.9855,0.6173,2.1844,21.4251,0.133
25/6/1963,30.8859,28.8322,4.3639,22.1913,7.2189,3.9878,0.618,2.1976,21.2137,0.1331
26/6/1963,30.8985,28.8376,4.3668,22.2197,7.2157,3.9876,0.6195,2.1853,21.2571,0.1332
29/6/1963,30.9055,28.8297,4.3697,22.1966,7.2071,3.9894,0.6203,2.1814,21.2459,0.1332
30/6/1963,30.8905,28.6823,4.3677,22.1669,7.2136,3.9876,0.621,2.1774,21.2188,0.1332
1/7/1963,30.9536,28.7161,4.3844,22.2163,7.2305,3.9966,0.622,2.1747,21.3751,0.1334
2/7/1963,31.0538,28.8932,4.3969,22.2936,7.2474,4.0085,0.6239,2.174,21.4774,0.1338
3/7/1963,31.1152,28.9391,4.4054,22.3122,7.2603,4.0154,0.6274,2.1627,21.5438,0.1341
7/7/1963,31.0815,28.9419,4.4306,22.3316,7.2778,4.0123,0.6293,2.1638,21.6425,0.134
8/7/1963,31.2838,29.077,4.4605,22.425,7.3115,4.04,0.6318,2.1748,21.7112,0.1349
9/7/1963,31.1613,29.0504,4.4576,22.4059,7.3102,4.0242,0.6307,2.1718,21.7505,0.1344
10/7/1963,31.3001,29.2727,4.4707,22.464,7.3324,4.0398,0.6334,2.178,21.7326,0.135
13/7/1963,31.2979,29.2848,4.4734,22.5382,7.3481,4.039,0.634,2.1744,21.7972,0.135
14/7/1963,31.4983,29.3858,4.4982,22.6194,7.379,4.0664,0.6362,2.1863,21.8266,0.1359
15/7/1963,31.5112,29.3919,4.5031,22.6683,7.392,4.0681,0.638,2.1763,22.039,0.1359
16/7/1963,31.6696,29.6014,4.5291,22.7626,7.424,4.0888,0.6406,2.1773,22.1257,0.1366
17/7/1963,31.7109,29.5791,4.5368,22.7883,7.4299,4.0916,0.6414,2.1684,22.1286,0.1368
20/7/1963,31.7889,29.6242,4.5499,22.8641,7.4588,4.1039,0.6442,2.1643,22.1835,0.1371
21/7/1963,31.7384,29.6059,4.5444,22.8538,7.4505,4.0984,0.6452,2.1603,22.3143,0.1369
22/7/1963,31.5762,29.5625,4.5292,22.8255,7.4276,4.0759,0.641,2.1586,22.5266,0.1362
23/7/1963,31.6385,29.5337,4.5184,22.8578,7.4439,4.0847,0.6412,2.1741,22.5906,0.1365
24/7/1963,31.7256,29.7854,4.5269,22.9146,7.4519,4.0925,0.643,2.1854,22.5397,0.1369
29/7/1963,31.5055,29.9731,4.4981,22.8642,7.4157,4.0675,0.6409,2.1748,22.5588,0.1359
30/7/1963,31.4145,29.9044,4.4924,22.8531,7.4062,4.0575,0.6409,2.1624,22.5281,0.1356
31/7/1963,31.2596,29.9611,4.4718,22.822,7.377,4.0347,0.6372,2.1519,22.5343,0.1349
3/8/1963,31.2288,29.4887,4.4769,22.7093,7.3709,4.0306,0.6363,2.147,22.2716,0.1348
4/8/1963,31.1381,29.3524,4.462,22.6393,7.3853,4.0188,0.6355,2.1385,22.1711,0.1344
5/8/1963,31.0224,29.3896,4.4566,22.6236,7.3731,4.0068,0.633,2.1388,22.2765,0.1339
6/8/1963,31.0442,29.4131,4.4731,22.6773,7.4125,4.0082,0.6336,2.1422,22.3357,0.134
7/8/1963,31.1598,29.5205,4.4792,22.743,7.4377,4.021,0.6359,2.1412,22.4744,0.1345
10/8/1963,31.1718,29.4719,4.476,22.7214,7.4325,4.0267,0.6361,2.14,22.3464,0.1345
11/8/1963,31.1116,29.33,4.4759,22.6585,7.4076,4.014,0.635,2.1261,22.2722,0.1343
13/8/1963,31.0493,29.1152,4.4832,22.6534,7.416,4.01,0.6356,2.1083,22.2739,0.134
14/8/1963,31.0575,29.0552,4.4749,22.6295,7.4034,4.0086,0.6367,2.102,22.1826,0.1341
17/8/1963,31.1322,29.2245,4.4881,22.7321,7.4371,4.0199,0.6404,2.1127,22.3537,0.1344
18/8/1963,31.1604,29.4851,4.5035,22.8039,7.4446,4.0219,0.642,2.1109,22.4897,0.1345
19/8/1963,31.183,29.5931,4.513,22.8584,7.4614,4.0274,0.6432,2.1136,22.5943,0.1346
20/8/1963,31.3779,29.5964,4.541,22.9095,7.5239,4.0517,0.646,2.1267,22.5118,0.1354
21/8/1963,31.4408,29.7741,4.5584,23.0113,7.5319,4.0579,0.6472,2.1356,22.6294,0.1357
24/8/1963,31.5529,29.8428,4.5662,23.02,7.5516,4.0757,0.6498,2.1465,22.6227,0.1362
25/8/1963,31.4825,29.7229,4.5615,22.9916,7.5473,4.0633,0.6494,2.1603,22.5951,0.1359
26/8/1963,31.3904,29.5118,4.5534,22.9535,7.5313,4.0527,0.6481,2.1524,22.5887,0.1355
27/8/1963,31.2631,29.5118,4.548,22.9013,7.4986,4.0356,0.644,2.1342,22.6232,0.1349
28/8/1963,31.2459,29.3229,4.5498,22.9052,7.4874,4.0333,0.6451,2.1356,22.7307,0.1349
31/8/1963,31.0874,29.4723,4.542,22.8899,7.4664,4.0133,0.6433,2.1384,22.8659,0.1341
1/9/1963,31.0172,29.3614,4.5472,22.8503,7.4753,4.0062,0.6413,2.1298,22.9332,0.1339
2/9/1963,31.2254,29.4638,4.5772,22.9471,7.5276,4.0319,0.6433,2.1332,22.9571,0.1348
3/9/1963,31.3424,29.5167,4.592,23.0022,7.569,4.0455,0.6463,2.1217,22.9265,0.1353
8/9/1963,31.404,29.5673,4.6012,22.9759,7.5412,4.0545,0.6464,2.1305,22.8653,0.1356
9/9/1963,31.3909,29.6497,4.5889,22.9059,7.5236,4.0545,0.6465,2.1272,22.6645,0.1355
10/9/1963,31.286,29.4944,4.5816,22.8897,7.5165,4.0402,0.6442,2.1155,22.7407,0.135
11/9/1963,31.3124,29.5117,4.5874,22.8997,7.5264,4.0421,0.6455,2.1091,22.7744,0.1351
14/9/1963,31.2879,29.5073,4.5836,22.906,7.5416,4.0382,0.6456,2.1091,22.7704,0.135
15/9/1963,31.2417,29.5804,4.6052,22.9396,7.55,4.0337,0.6461,2.109,22.7939,0.1348
16/9/1963,31.1783,29.6261,4.6087,22.9306,7.5501,4.0267,0.6454,2.1046,22.7906,0.1346
17/9/1963,31.1836,29.704,4.6121,22.9181,7.5309,4.0263,0.6441,2.107,22.6738,0.1346
18/9/1963,31.1301,29.7397,4.6117,22.9551,7.5434,4.0171,0.6435,2.1139,22.7642,0.1343
21/9/1963,31.0447,29.777,4.5976,22.9004,7.5502,4.0088,0.6418,2.1151,22.668,0.1339